color,color,director_name,num_critic_for_reviews,duration,director_facebook_likes,actor_3_facebook_likes,actor_2_name,actor_1_facebook_likes,gross,genres,actor_1_name,movie_title,num_voted_users,cast_total_facebook_likes,actor_3_name,facenumber_in_poster,plot_keywords,movie_imdb_link,num_user_for_reviews,language,country,content_rating,budget,title_year,actor_2_facebook_likes,imdb_score,aspect_ratio,movie_facebook_likes
,"10,000 B.C.             "
102 Dalmatians 
2 Fast 2 Furious 
"20,000 Leagues Under the Sea "
"20,000 Leagues Under the Sea "
3 
"4 Months, 3 Weeks and 2 Days "
16 to Life 
50 First Dates 
90 Minutes in Heaven 
A Beautiful Mind 
A Farewell to Arms 
A Fine Step 
A Fistful of Dollars 
A Good Day to Die Hard 
A Lego Brickumentary 
A Nightmare on Elm Street 3: Dream Warriors 
A Sound of Thunder 
"A Woman, a Gun and a Noodle Shop "
A Funny Thing Happened on the Way to the Forum 
A Nightmare on Elm Street 
A Streetcar Named Desire 
"A Woman, a Gun and a Noodle Shop "
10 Days in a Madhouse 
2001: A Space Odyssey 
2046 
5 Days of War 
A Low Down Dirty Shame 
A Prairie Home Companion 
A Tale of Three Cities 
A Walk to Remember 
A.I. Artificial Intelligence 
ABCD (Any Body Can Dance) 
AVP: Alien vs. Predator 
Abandoned 
After Earth 
Air Force One 
Ajami 
"Alexander and the Terrible, Horrible, No Good, Very Bad Day "
12 Monkeys  
13 Going on 30 
1911 
27 Dresses 
3 Days to Kill 
30 Days of Night 
30 Minutes or Less 
88 Minutes 
9 
A View to a Kill 
A Warrior's Tail 
About Schmidt 
Ace Ventura: When Nature Calls 
Aladdin 
Alex & Emma 
All Is Bright 
All That Jazz 
All the Real Girls 
Alone with Her 
Along Came a Spider 
Alvin and the Chipmunks: Chipwrecked 
Alvin and the Chipmunks: The Road Chip 
Alvin and the Chipmunks: The Squeakquel 
American Gangster 
American Pie 2 
An American Girl Holiday 
An Ideal Husband 
An Unfinished Life 
Analyze This 
And Then Came Love 
Animals United 
Anna and the King 
Ant-Man 
Antarctica: A Year on Ice 
Antitrust 
Apollo 18 
April Fool's Day 
Arachnophobia 
Archaeology of a Woman 
Army of Darkness 
Arthur Christmas 
Arthur and the Invisibles 
"As Above, So Below "
Addicted 
Ask Me Anything 
Assault on Precinct 13 
Atlantis: The Lost Empire 
Atonement 
Australia 
Babe: Pig in the City 
Babe 
Baby Mama 
Bad Boys II 
Bad Company 
Baghead 
Ballistic: Ecks vs. Sever 
Bambi 
Bandits 
Bang Bang Baby 
Banshee Chapter 
Barney's Version 
Barry Lyndon 
Basic Instinct 2 
Batman & Robin 
Batman Forever 
Batman Returns 
"Batman: The Dark Knight Returns, Part 2 "
2:13 
8 Heads in a Duffel Bag 
A Christmas Story 
A Nightmare on Elm Street 2: Freddy's Revenge 
A Room with a View 
Adam 
Air Bud 
Airplane! 
Animal House 
Antiviral 
August 
Battle Los Angeles 
Battle for the Planet of the Apes 
Battlefield Earth 
Be Cool 
Beasts of the Southern Wild 
Bedtime Stories 
Before Midnight 
Beginners 
Bella 
Ben-Hur 
Beneath the Planet of the Apes 
Bewitched  
Bicentennial Man 
Big Daddy 
Big Fish 
"Big Mommas: Like Father, Like Son "
1941 
21 
3rd Rock from the Sun  
A History of Violence 
A Man Apart 
A Million Ways to Die in the West 
A Monster in Paris 
A Nightmare on Elm Street 
A Thousand Words 
Abduction 
Against the Ropes 
Alex Cross 
Alex Rider: Operation Stormbreaker 
Alfie 
Alive 
Aloha 
American Outlaws 
Amélie 
Angel Eyes 
Apocalypse Now 
Arthur  
At First Sight 
Austin Powers: The Spy Who Shagged Me 
Baahubali: The Beginning 
Bait 
Batman 
Because I Said So 
Big Miracle 
Bill & Ted's Excellent Adventure 
Billy Elliot 
Black Hawk Down 
Black Knight 
Black Rain 
Black Rock 
Blackhat 
Blade Runner 
Blast from the Past 
Bless the Child 
Blood Diamond 
"Blood In, Blood Out "
A Few Good Men 
A Good Year 
Bandidas 
Big Momma's House 
Biutiful 
Black Water Transit 
Bloodsport 
Blow 
Blue Car 
Blue Crush 
Blue Streak 
Bogus 
Bottle Shock 
Bowling for Columbine 
Braveheart 
Breakdown 
Breakfast of Champions 
Bride Wars 
Bridesmaids 
Brigham City 
"Bright Lights, Big City "
A Lot Like Love 
A Madea Christmas 
Agent Cody Banks 
Anacondas: The Hunt for the Blood Orchid 
Anchorman: The Legend of Ron Burgundy 
August Rush 
August: Osage County 
Beauty Shop 
Blood Ties 
Bride of Chucky 
Bridge to Terabithia 
Brighton Rock 
Bring It On 
Bringing Out the Dead 
Broken City 
Brooklyn 
Brotherly Love 
Brother 
Bruce Almighty 
"Buen Día, Ramón "
1776 
A Lonely Place to Die 
A Man for All Seasons 
Adore 
Among Giants 
An Everlasting Piece 
Annie Get Your Gun 
Another Happy Day 
Ben-Hur 
Bulworth 
Buried 
Burn After Reading 
Cabin Fever 
Call + Response 
Can't Hardly Wait 
Cape Fear 
Captain America: The First Avenger 
Caramel 
Carriers 
Carrie 
Carrie 
Cars 
Casino Royale 
Cast Away 
Cat on a Hot Tin Roof 
Cats & Dogs: The Revenge of Kitty Galore 
Cats Don't Dance 
Catwoman 
Chain of Command 
Charlie Wilson's War 
Charlie's Angels: Full Throttle 
Charlie's Angels 
Charlotte's Web 
Charly 
Chasing Liberty 
Chicago 
Childless 
Children of Heaven 
Children of Men 
Chill Factor 
Chocolate: Deep Dark Secrets 
Choke 
"Cinco de Mayo, La Batalla "
Alien 
An Alan Smithee Film: Burn Hollywood Burn 
Black Christmas 
Blonde Ambition 
Blood Done Sign My Name 
Boiler Room 
Breakin' All the Rules 
Chasing Papi 
Child's Play 
Cinderella Man 
Cinderella 
Circumstance 
Cirque du Freak: The Vampire's Assistant 
City Hall 
City by the Sea 
City of Ember 
City of God 
City of Life and Death 
Clash of the Titans 
Class of 1984 
Clerks II 
Click 
Closer 
Cloud Atlas 
Cloudy with a Chance of Meatballs 2 
Cloudy with a Chance of Meatballs 
Cold Mountain 
Collateral Damage 
Colombiana 
Coming Home 
Commando 
Con Air 
Conan the Barbarian 
Concussion 
Confessions of a Dangerous Mind 
Conspiracy Theory 
Constantine  
Contact 
Contraband 
Cop Out 
Copying Beethoven 
Corky Romano 
Corpse Bride 
Cradle 2 the Grave 
Cradle Will Rock 
"Crazy, Stupid, Love. "
13 Hours 
A Touch of Frost  
Absolute Power 
American Reunion 
Assassins 
Baby's Day Out 
Basic 
Beverly Hills Cop III 
Blood Work 
Bridget Jones: The Edge of Reason 
Christmas with the Kranks 
Congo 
Creative Control 
Creed 
Creepshow 2 
Creepshow 
Criminal 
Critical Care 
Crocodile Dundee in Los Angeles 
"Crouching Tiger, Hidden Dragon "
28 Weeks Later 
3 Men and a Baby 
All About Steve 
Aloha 
American Beauty 
Ararat 
Arn: The Knight Templar 
Baby Boy 
Bad Grandpa 
Bad Moms 
Because of Winn-Dixie 
Becoming Jane 
Beetlejuice 
Ben-Hur 
Beverly Hills Cop 
Big Fat Liar 
Bobby Jones: Stroke of Genius 
Boogie Nights 
Book of Shadows: Blair Witch 2 
Boys and Girls 
Clash of the Titans 
Coal Miner's Daughter 
Confessions of a Teenage Drama Queen 
Cop Land 
Country Strong 
Cruel Intentions 
Cry Freedom 
Curious George 
Cursed 
Cutthroat Island 
Cypher 
D.E.B.S. 
DOA: Dead or Alive 
Dallas Buyers Club 
Damnation Alley 
Dance Flick 
"Dancer, Texas Pop. 81 "
30 Nights of Paranormal Activity with the Devil Inside the Girl with the Dragon Tattoo 
8 Days 
A Guy Named Joe 
AWOL-72 
Alice in Wonderland 
Alien Uprising 
Always Woodstock 
Amnesiac 
Bachelorette 
Barry Munday 
Basquiat 
Bathing Beauty 
Beer League 
Blazing Saddles 
Boynton Beach Club 
BrainDead  
Brave New Girl 
Bully 
Central Station 
Chain Letter 
Chicago Overcoat 
Chicken Tikka Masala 
Cinderella 
Close Range 
Compadres 
Containment 
Creature  
Damsels in Distress 
Dancin' It's On 
Daredevil  
Darkness 
Darling Companion 
Dave Chappelle's Block Party 
Dawn Patrol 
Dawn of the Dead 
Dawn of the Dead 
Day One 
Day of the Dead 
Daylight 
Days of Heaven 
Dead Man Down 
Dead Man Walking 
Dead Poets Society 
Deadline - U.S.A. 
Deadline Gallipoli  
Dear John 
Deep Impact 
Defendor 
"Definitely, Maybe "
500 Days of Summer 
A Dog of Flanders 
A Serious Man 
A Single Man 
Alien Zone 
Alpha and Omega 4: The Legend of the Saw Toothed Cave 
Auto Focus 
Beyond the Lights 
Bride & Prejudice 
Buffy the Vampire Slayer  
Ca$h 
Chairman of the Board 
Cyrus 
Dark Angel  
Darkness Falls 
Dazed and Confused 
Delgo 
Deliver Us from Evil 
Demonic 
Desert Dancer 
Despicable Me 2 
Detention 
Detroit Rock City 
Devil's Due 
Devil 
Diary of a Wimpy Kid 
Diary of the Dead 
Die Hard 2 
Die Hard with a Vengeance 
Die Hard 
Digimon: The Movie 
Dil Jo Bhi Kahey... 
Diner 
Dinosaur 
Dirty Grandpa 
District 9 
Disturbia 
Disturbing Behavior 
Divergent 
Django Unchained 
Do You Believe? 
Doc Holliday's Revenge 
Doctor Dolittle 
Doctor Zhivago 
Dodgeball: A True Underdog Story 
Dogma 
Dolphin Tale 2 
Dolphin Tale 
Dom Hemingway 
Don Juan DeMarco 
Don't Be Afraid of the Dark 
Don't Say a Word 
Donnie Brasco 
Donovan's Reef 
Doomsday 
Doom 
Dope 
Double Impact 
Doug's 1st Movie 
Down for Life 
Down to Earth 
Down to You 
Dr. Dolittle 2 
Dr. Strangelove or: How I Learned to Stop Worrying and Love the Bomb 
Dracula 2000 
Dracula Untold 
Drag Me to Hell 
Dragon Hunters 
Dragon Nest: Warriors' Dawn 
Dragon Wars: D-War 
Dragonball: Evolution 
Dream House 
Dream with the Fishes 
Dreamer: Inspired by a True Story 
Dreamgirls 
Dreaming of Joseph Lees 
Dredd 
Drillbit Taylor 
Drive Hard 
Driven 
Drive 
Drowning Mona 
"Dude, Where's My Car? "
10 Things I Hate About You 
54 
A Nightmare on Elm Street 4: The Dream Master 
About Last Night 
About Time 
Ace Ventura: Pet Detective 
Act of Valor 
American Pie 
Aquamarine 
Arbitrage 
Baby Geniuses 
Barbershop 
Beavis and Butt-Head Do America 
Being John Malkovich 
Birthday Girl 
Bubble Boy 
Cadillac Records 
Casino Royale 
Celebrity 
Charlie Bartlett 
Child's Play 2 
Chronicle 
Crank 
Crazy/Beautiful 
Crossroads 
Das Boot 
Del 1 - Män som hatar kvinnor  
Dick 
Dirty Work 
"Dude, Where's My Dog?! "
A Charlie Brown Christmas 
A Dog's Breakfast 
A Dog's Breakfast 
An American in Hollywood 
Another Earth 
Antarctic Edge: 70° South 
Aroused 
Butterfly Girl 
Cat People 
Duets 
Duma 
Dumb & Dumber 
Dumb and Dumberer: When Harry Met Lloyd 
Duplex 
DysFunktional Family 
Déjà Vu 
E.T. the Extra-Terrestrial 
Eagle Eye 
Earth to Echo 
East Is East 
Eastern Promises 
Ed and His Dead Mother 
Eddie the Eagle 
Eden 
Eight Legged Freaks 
El crimen del padre Amaro 
Elf 
Elizabeth 
Ella Enchanted 
Elling 
Elmer Gantry 
Elsa & Fred 
Elysium 
Empire  
Employee of the Month 
Enchanted 
End of Days 
End of Watch 
Enemy at the Gates 
Enemy of the State 
Enough 
Enter the Dangerous Mind 
Enter the Void 
Entourage  
Epic 
Eragon 
Eraserhead 
Eraser 
Ernest & Celestine 
Escape Plan 
Escape from L.A. 
Escobar: Paradise Lost 
Eulogy 
EuroTrip 
Eve's Bayou 
Everything Must Go 
Everything You Always Wanted to Know About Sex * But Were Afraid to Ask 
Evil Dead II 
Evolution 
Ex Machina 
Exit Wounds 
Exodus: Gods and Kings 
Exorcist: The Beginning 
Exotica 
Extraordinary Measures 
Extreme Measures 
Extreme Ops 
Extremely Loud & Incredibly Close 
F.I.S.T. 
Face/Off 
Facing the Giants 
Factory Girl 
Failure to Launch 
Fair Game 
Family Plot 
Fantasia 2000 
Fantasia 
Fantastic 4: Rise of the Silver Surfer 
Fantastic Four 
Fantastic Mr. Fox 
Fast Five 
"Fat, Sick & Nearly Dead "
2016: Obama's America 
8: The Mormon Proposition 
A Haunted House 
Anatomy 
Antibirth 
Before Sunrise 
Brick Lane 
Christmas Mail 
Dodgeball: A True Underdog Story 
Escape from the Planet of the Apes 
Eye of the Dolphin 
Fateless 
Fear Clinic 
Feardotcom 
Feast 
Femme Fatale 
Fever Pitch 
Fiddler on the Roof 
Fifty Dead Men Walking 
Fifty Shades of Black 
Final Destination 3 
Final Destination 5 
Final Fantasy: The Spirits Within 
Finding Nemo 
Finding Neverland 
Firewall 
First Knight 
"First Love, Last Rites "
12 Angry Men 
3 Backyards 
42nd Street 
51 Birch Street 
Across the Universe 
Alleluia! The Devil's Carnival 
America Is Still the Place 
American Desi 
American Ninja 2: The Confrontation 
Amidst the Devil's Wings 
Anderson's Cross 
As It Is in Heaven 
Ayurveda: Art of Being 
Better Luck Tomorrow 
Beyond the Mat 
Bizarre 
Bloody Sunday 
Blue Ruin 
Born to Fly: Elizabeth Streb vs. Gravity 
Butterfly 
Censored Voices 
Chasing Amy 
Chuck & Buck 
Civil Brand 
Compliance 
Conversations with Other Women 
Crazy Stone 
Cries & Whispers 
Crossroads 
Cube 
Death Calls 
Death Race 2000 
Deceptive Practice: The Mysteries and Mentors of Ricky Jay 
Detention of the Dead 
Diamond Ruff 
Dogtooth 
Dogtown and Z-Boys 
Drinking Buddies 
Enter Nowhere 
Everything Put Together 
Exam 
Fabled 
Fight to the Finish 
Fighting Tommy Riley 
Finishing the Game: The Search for a New Bruce Lee 
Fish Tank 
Fiza 
Flash Gordon 
Flashdance 
Fled 
Flicka 
Flight of the Intruder 
Flight of the Phoenix 
Flight 
Flirting with Disaster 
Florence Foster Jenkins 
Flubber 
Food Chains 
"Food, Inc. "
20 Feet from Stardom 
An Inconvenient Truth 
Beyond the Valley of the Dolls 
Blue Valentine 
Bubba Ho-Tep 
Chernobyl Diaries 
Cry_Wolf 
Departure 
Dr. No 
Fool's Gold 
For Greater Glory: The True Story of Cristiada 
For Love of the Game 
For Your Consideration 
For Your Eyes Only 
"For a Good Time, Call... "
1982 
A Hard Day's Night 
A Separation 
Adulterers 
After 
All the Boys Love Mandy Lane 
American Graffiti 
American Hero 
Aqua Teen Hunger Force Colon Movie Film for Theaters 
Arnolds Park 
B-Girl 
Benji 
Bled 
Broken Vessels 
Celeste & Jesse Forever 
Crop Circles: Quest for Truth 
Crying with Laughter 
Dead Snow 
Destiny 
Deterrence 
Donkey Punch 
Elza 
Escape from Tomorrow 
Faith Connections 
Fireproof 
Force 10 from Navarone 
Forgetting Sarah Marshall 
Fort McCoy 
Fortress 
Four Brothers 
Four Christmases 
Four Lions 
Four Single Fathers 
Frailty 
Frances Ha 
Frankenweenie 
Frat Party 
Freakonomics 
Freddy's Dead: The Final Nightmare 
Free State of Jones 
Free Style 
Freeheld 
Freeway 
Frenzy 
Frequency 
Friday After Next 
Friday Night Lights  
Friday the 13th Part III 
Friday the 13th Part VII: The New Blood 
Friday the 13th Part VIII: Jason Takes Manhattan 
Friday the 13th: A New Beginning 
Friday the 13th: The Final Chapter 
Friday 
Frida 
Friends with Benefits 
Fright Night 
From Hell 
From Justin to Kelly 
From Russia with Love 
Frost/Nixon 
Frozen River 
Fruitvale Station 
Fuel 
Fun with Dick and Jane 
Funny People 
Fur: An Imaginary Portrait of Diane Arbus 
Furry Vengeance 
Fury 
Futuro Beach 
G.I. Jane 
G.I. Joe: Retaliation 
"Gandhi, My Father "
25th Hour 
3 Strikes 
A Haunted House 2 
After.Life 
Airlift 
Albino Alligator 
All Hat 
Animal Kingdom  
Anne of Green Gables  
Annie Hall 
Area 51 
Atlas Shrugged: Who Is John Galt? 
Barfi 
Blackthorn 
Born of War 
Bottle Rocket 
Bound 
Boyhood 
Camping sauvage 
Capricorn One 
Cargo 
Character 
Christmas Eve 
Dead Like Me: Life After Death 
Dear Frankie 
Donnie Darko 
Driving Lessons 
Dying of the Light 
Easy Money 
Exiled 
Exodus: Gods and Kings 
Falcon Rising 
Farce of the Penguins 
Fast Times at Ridgemont High 
Flying By 
Four Rooms 
Four Weddings and a Funeral 
Fugly 
Gangs of New York 
Garden State 
Garfield 
Gattaca 
Gentlemen Broncos 
George and the Dragon 
Gerry 
Get Carter 
Get Low 
Get Rich or Die Tryin' 
Get Shorty 
Get Smart 
Get on Up 
Get on the Bus 
Ghost Rider 
Ghostbusters 
Ghosts of Mississippi 
Girl 6 
Girl with a Pearl Earring 
"Girl, Interrupted "
A Perfect Plan 
A Turtle's Tale: Sammy's Adventures 
Abandon 
Angela's Ashes 
Bad Lieutenant: Port of Call New Orleans 
Beyond the Sea 
Big Trouble in Little China 
Blindness 
BloodRayne 
Brokedown Palace 
Carnage 
Cirque du Soleil: Worlds Away 
Dangerous Liaisons 
Double Take 
Draft Day 
Faster 
Footloose 
Gettysburg 
Girls Gone Dead 
Give Me Shelter 
Gladiator 
Glory Road 
Glory 
Go for It! 
Goal! The Dream Begins 
God's Not Dead 2 
Gods and Monsters 
Gods of Egypt 
Godsend 
Godzilla 2000 
Godzilla Resurgence 
Going the Distance 
Goldfinger 
Gone in Sixty Seconds 
Gone with the Wind 
"Gone, Baby, Gone  
Adaptation. 
Back to the Future 
Barbershop 2: Back in Business 
Big 
Borat: Cultural Learnings of America for Make Benefit Glorious Nation of Kazakhstan 
Deuce Bigalow: Male Gigolo 
Fear and Loathing in Las Vegas 
Fight Valley 
Firestorm 
Good Dick 
Good Kill 
Good Luck Chuck 
"Good Morning, Vietnam "
A Mighty Heart 
A Most Wanted Man 
A Walk on the Moon 
All the Queen's Men 
Amen. 
Automata 
Barney's Great Adventure 
Bathory: Countess of Blood 
Big Fat Liar 
Black Snake Moan 
Black Swan 
Blood and Chocolate 
Boat Trip 
Bobby 
Brazil 
Brokeback Mountain 
Buffalo Soldiers 
Caravans 
Catch a Fire 
Centurion 
Chiamatemi Francesco - Il Papa della gente 
Clueless 
Confidence 
Crazy in Alabama 
Dark Blue 
De-Lovely 
Dekalog  
District B13 
Downfall 
Dungeons & Dragons: Wrath of the Dragon God 
Easy Virtue 
Eye of the Beholder 
Far from Heaven 
Felicia's Journey 
Firestarter 
Flipped 
Freddy Got Fingered 
Fun Size 
Funny Games 
"Good Night, and Good Luck. "
Action Jackson 
Capote 
Desperado 
Fargo  
Good Will Hunting 
Goodfellas 
Good 
Goosebumps 
Gory Gory Hallelujah 
Gossip 
Grace of Monaco 
Gracie 
Graduation Day 
Grandma's Boy 
Green Room 
Green Zone 
Gremlins 2: The New Batch 
Gremlins 
Gridiron Gang 
Griff the Invisible 
Groove 
Grosse Pointe Blank 
Groundhog Day 
Grown Ups 2 
Grown Ups 
Grudge Match 
Guess Who 
Guiana 1838 
H. 
Hachi: A Dog's Tale 
Hackers 
"Hail, Caesar! "
12 Years a Slave 
1408 
Anywhere But Here 
Are We There Yet? 
Arlington Road 
Away We Go 
Babel 
Bad Boys 
Bad Moms 
Before I Go to Sleep 
Beverly Hills Chihuahua 
Beverly Hills Cop II 
Bill & Ted's Bogus Journey 
Black Book 
Bodyguards and Assassins 
Boogeyman 
Bringing Down the House 
Chasing Liberty 
Chéri 
Close Encounters of the Third Kind 
Coco Before Chanel 
Conan the Barbarian 
Darling Lili 
Date Movie 
Death at a Funeral 
Delivery Man 
Derailed 
Deuce Bigalow: European Gigolo 
Diary of a Wimpy Kid: Dog Days 
Disturbia 
Drumline 
Dudley Do-Right 
Eddie the Eagle 
Edward Scissorhands 
Epic Movie 
Final Destination 
Firefox 
For Colored Girls 
Forsaken 
Freedom Writers 
Gandhi 
Ghost 
Hairspray 
Half Nelson 
Half Past Dead 
Halloween 4: The Return of Michael Myers 
Halloween III: Season of the Witch 
Halloween II 
Halloween II 
Halloween: Resurrection 
Halloween: The Curse of Michael Myers 
Halloween 
Halloween 
Hamlet 2 
Hang 'Em High 
Hanging Up 
Hannah Montana: The Movie 
Hanna 
Hannibal Rising 
Hannibal  
Hansel & Gretel Get Baked 
Hansel & Gretel: Witch Hunters 
Happiness 
Happy Feet 2 
Happy Feet 
Happy Gilmore 
Happy Valley  
"Happy, Texas "
A Beginner's Guide to Snuff 
Against the Wild 
Conquest of the Planet of the Apes 
Dysfunctional Friends 
Foolish 
From Here to Eternity 
Grace Unplugged 
Hard Candy 
Hard Rain 
Hard to Be a God 
Hardball 
Hardflip 
Harley Davidson and the Marlboro Man 
Harlock: Space Pirate 
Harold & Kumar Escape from Guantanamo Bay 
Harold & Kumar Go to White Castle 
Harper 
Harriet the Spy 
Harrison Montgomery 
Harry Potter and the Chamber of Secrets 
Harry Potter and the Deathly Hallows: Part II 
Harry Potter and the Deathly Hallows: Part I 
Harry Potter and the Prisoner of Azkaban 
Harry Potter and the Sorcerer's Stone 
Hart's War 
Hav Plenty 
Haywire 
He Got Game 
Head Over Heels 
Head of State 
Heartbreakers 
Hearts in Atlantis 
Heaven Is for Real 
Heavenly Creatures 
Heavy Metal 
Heist 
Heli 
Hell's Angels 
Hellboy II: The Golden Army 
Hellraiser 
Henry & Me 
Henry V 
Herbie Fully Loaded 
Hercules 
Hercules 
Here on Earth 
Hereafter 
Heroes of Dirt 
Heroes  
Her 
Hesher 
Hidalgo 
Hidden Away 
Hide and Seek 
High Anxiety 
High Noon 
High Road 
High School Musical 2 
High School Musical 3: Senior Year 
High School Musical 
High Tension 
Higher Ground 
Highlander: Endgame 
Highlander 
History of the World: Part I 
History of the World: Part I 
Hit and Run 
Hit the Floor  
Hits 
Hobo with a Shotgun 
Hocus Pocus 
Hoffa 
Holes 
Hollow Man 
Hollywood Ending 
Hollywood Homicide 
Hollywood Shuffle 
Holy Motors 
Home Alone 2: Lost in New York 
Home Alone 
Home Fries 
Home Movies  
Homefront 
Home 
Home 
Home 
Hoodwinked Too! Hood vs. Evil 
Hook 
Hoop Dreams 
Hoot 
Hope Floats 
Hope Springs 
Horrible Bosses 
Horse Camp 
Hostage 
Hostel 
Hot Fuzz 
Hot Pursuit 
Hot Rod 
Hot Tub Time Machine 2 
Hot Tub Time Machine 
Hotel Transylvania 2 
Hotel Transylvania 
Hotel for Dogs 
House Party 2 
House of 1000 Corpses 
House of Flying Daggers 
House of Sand and Fog 
House of Sand 
House of Wax 
House of Wax 
House on Haunted Hill 
Housefull 
How Do You Know 
How High 
How Stella Got Her Groove Back 
How the Grinch Stole Christmas 
How to Be Single 
How to Be a Player 
How to Deal 
How to Fall in Love 
How to Train Your Dragon 2 
Howard the Duck 
Howl's Moving Castle 
Hud 
Hulk 
Human Traffic 
Hurricane Streets 
Hustle & Flow 
I Am Number Four 
I Am Sam 
I Can Do Bad All by Myself 
I Don't Know How She Does It 
I Dreamed of Africa 
I Got the Hook Up 
I Heart Huckabees 
I Hope They Serve Beer in Hell 
"I Love You, Beth Cooper "
127 Hours 
Amadeus 
Austin Powers: International Man of Mystery 
Bad Santa 
Birdman or (The Unexpected Virtue of Ignorance) 
Blow Out 
Blue Jasmine 
Catch That Kid 
Catch-22 
Center Stage 
Conan the Destroyer 
Diary of a Wimpy Kid: Rodrick Rules 
Fame 
Getaway 
Glory 
Gosford Park 
Honey 
"I Love You, Don't Touch Me! "
20 Dates 
A Plague So Pleasant 
All Superheroes Must Die 
Bang 
Breaking Upwards 
Cavite 
Clean 
Clerks 
Down Terrace 
Dry Spell 
Dutch Kills 
El Mariachi 
Exeter 
Flywheel 
Funny Ha Ha 
Happy Christmas 
Her Cry: La Llorona Investigation 
"I Love You, Man "
15 Minutes 
16 Blocks 
17 Again 
21 Jump Street 
28 Days 
42 
8 Mile 
8MM 
A Knight's Tale 
A League of Their Own 
A Time to Kill 
Across the Universe 
Aliens in the Attic 
Aliens vs. Predator: Requiem 
All the Pretty Horses 
Along Came Polly 
American Hustle 
Amistad 
Animal Kingdom: Let's go Ape 
Apocalypto 
Argo 
Autumn in New York 
Babylon A.D. 
Back to the Future Part III 
Back to the Future Part II 
Bangkok Dangerous 
Behind Enemy Lines 
Big Momma's House 2 
Big Trouble 
Blended 
Boomerang 
Bram Stoker's Dracula 
Bridge of Spies 
Brüno 
Cellular 
Charlie St. Cloud 
Cheaper by the Dozen 
Chicken Run 
Cleopatra 
Curse of the Golden Flower 
Deep Rising 
Double Jeopardy 
Dredd 
Dumb and Dumber To 
Dune 
Eight Below 
Escape from Planet Earth 
Fat Albert 
Fifty Shades of Grey 
Finding Forrester 
Foodfight! 
Get Hard 
Get Him to the Greek 
Gothika 
He's Just Not That Into You 
Heaven's Gate 
Here Comes the Boom 
Hero 
High Crimes 
Horrible Bosses 2 
I Love Your Work 
I Married a Strange Person! 
I Origins 
I Served the King of England 
I Spit on Your Grave 
I Spy 
I Still Know What You Did Last Summer 
I Think I Love My Wife 
I Want Your Money 
"I, Frankenstein "
2 Guns 
3000 Miles to Graceland 
300 
A Civil Action 
Abraham Lincoln: Vampire Hunter 
Agora 
Alien: Resurrection 
Analyze That 
Annie 
Antz 
Any Given Sunday 
Apollo 13 
Astro Boy 
Austin Powers in Goldmember 
Blade: Trinity 
Blades of Glory 
Body of Lies 
Broken Arrow 
Cats & Dogs 
Cheaper by the Dozen 2 
Chicken Little 
Clear and Present Danger 
Cliffhanger 
Collateral 
Contagion 
Coraline 
Couples Retreat 
Daddy Day Care 
Days of Thunder 
Death Race 
Deep Blue Sea 
Despicable Me 
Dinner for Schmucks 
Dragon Blade 
Dreamcatcher 
Due Date 
Duplicity 
Eat Pray Love 
Edge of Darkness 
Elektra 
Entrapment 
Everest 
Eyes Wide Shut 
Fight Club 
Focus 
Gangster Squad 
GoldenEye 
Gone Girl 
Hall Pass 
Hellboy 
Hop 
Hudson Hawk 
"I, Robot "
300: Rise of an Empire 
Ali 
Allegiant 
Around the World in 80 Days 
Ender's Game 
Gulliver's Travels 
Home on the Range 
Ice Age: Continental Drift 
Ice Age: Dawn of the Dinosaurs 
Ice Age: The Meltdown 
Ice Age 
Ice Princess 
Ida 
Identity Thief 
Identity 
Idiocracy 
Idle Hands 
Idlewild 
If I Stay 
Igby Goes Down 
Iguana 
Immortals 
Impact Point 
Impostor 
In & Out 
In Bruges 
In Cold Blood 
In Dreams 
In Her Line of Fire 
In Time 
In Too Deep 
In the Bedroom 
In the Company of Men 
In the Cut 
In the Heart of the Sea 
In the Heat of the Night  
In the Land of Women 
In the Name of the King: The Last Job 
In the Valley of Elah 
Independence Daysaster 
Independence Day 
Indiana Jones and the Temple of Doom 
Indignation 
Inescapable 
Inglourious Basterds 
Ink 
Inside Llewyn Davis 
Inside Man 
Insidious: Chapter 3 
Insomnia Manica 
Inspector Gadget 
Instructions Not Included 
Insurgent 
Interview with the Assassin 
Into the Blue 
Into the Grizzly Maze 
Into the Storm 
Into the Woods 
Intolerable Cruelty 
Intolerance: Love's Struggle Throughout the Ages 
Invaders from Mars 
Invasion U.S.A. 
Invictus 
Ip Man 3 
Ira & Abby 
Iraq for Sale: The War Profiteers 
Ironclad 
Irreplaceable 
Ishtar 
Isn't She Great 
It Follows 
It Happened One Night 
It's Complicated 
"It's a Mad, Mad, Mad, Mad World "
Adventureland 
American Heist 
Amour 
It's a Wonderful Life 
J. Edgar 
JFK 
Jab Tak Hai Jaan 
Jack Brooks: Monster Slayer 
Jack Reacher 
Jack Ryan: Shadow Recruit 
Jack and Jill 
Jackass 3D 
Jackass Number Two 
Jackie Brown 
Jakob the Liar 
Jane Got a Gun 
Jarhead 
Jason Bourne 
Jason Goes to Hell: The Final Friday 
Jason Lives: Friday the 13th Part VI 
Jason X 
Jawbreaker 
Jaws 2 
Jaws: The Revenge 
Jaws 
Jay and Silent Bob Strike Back 
Jeepers Creepers II 
Jeepers Creepers 
"Jeff, Who Lives at Home "
American History X 
Bones  
Cedar Rapids 
Danny Collins 
I Am Love 
Jefferson in Paris 
Jekyll and Hyde... Together Again 
Jennifer's Body 
Jersey Boys 
Jersey Girl 
Jesse  
Jesus People 
Jesus' Son 
Jimmy and Judy 
Jindabyne 
Jingle All the Way 
Joe Dirt 
Joe Somebody 
Joe 
John Q 
Johnny English Reborn 
Johnny English 
Johnny Suede 
Johnson Family Vacation 
Josie and the Pussycats 
Journey 2: The Mysterious Island 
Journey to Saturn 
Joy Ride 
Joyeux Noel 
Joy 
Judgment at Nuremberg 
Julie & Julia 
Julija in alfa Romeo 
Jumper 
Jumping the Broom 
Juno 
Jurassic Park III 
Jurassic Park 
Just Go with It 
Just Looking 
Just Married 
Just Visiting 
Just Wright 
Justin Bieber: Never Say Never 
Juwanna Mann 
K-19: The Widowmaker 
Kabhi Alvida Naa Kehna 
Kama Sutra: A Tale of Love 
Kangaroo Jack 
Kansas City 
Karachi se Lahore 
Katy Perry: Part of Me 
Keanu 
Keeping Up with the Steins 
Keeping the Faith 
Kevin Hart: Laugh at My Pain 
Kevin Hart: Let Me Explain 
Khumba 
Kick-Ass 
Kickboxer: Vengeance 
Kids 
Kill List 
Kill the Messenger 
Killer Elite 
Killers 
Killing Them Softly 
King Kong 
King Kong 
King's Ransom 
Kingdom of Heaven 
Kingdom of the Spiders 
Kingpin 
Kinsey 
Kiss Kiss Bang Bang 
Kiss of Death 
Kiss of the Dragon 
Kiss the Bride 
Kissing Jessica Stein 
Kit Kittredge: An American Girl 
Kites 
Knight and Day 
Knock Off 
Knockaround Guys 
Knowing 
Krampus 
Krull 
Krush Groove 
Kung Fu Killer 
Kung Fu Panda 
Kung Pow: Enter the Fist 
L!fe Happens 
L.A. Confidential 
L.I.E. 
LOL 
La Famille Bélier 
La otra conquista 
Ladder 49 
Lady Vengeance 
Lady in White 
Lady in the Water 
Lage Raho Munna Bhai 
Lakeview Terrace 
Land of the Dead 
Land of the Lost 
Lara Croft Tomb Raider: The Cradle of Life 
Lara Croft: Tomb Raider 
Larry Crowne 
Last Action Hero 
Last Holiday 
Last Man Standing  
Last Orders 
Last Vegas 
Latter Days 
Lawrence of Arabia 
Laws of Attraction 
Leap Year 
Leaving Las Vegas 
Lee Daniels' The Butler 
Left Behind 
Left Behind 
Legal Eagles 
"Legally Blonde 2: Red, White & Blonde "
Accidental Love 
Agent Cody Banks 2: Destination London 
Blood and Wine 
Bridget Jones's Diary 
Brothers 
Chocolat 
Clockstoppers 
Cloverfield 
Flipper 
Freddy vs. Jason 
Gran Torino 
Highlander: The Final Dimension 
Jimmy Neutron: Boy Genius 
Legally Blonde 
Legend of Kung Fu Rabbit 
Legend of the Guardians: The Owls of Ga'Hoole 
Legends of Oz: Dorothy's Return 
Legends of the Fall 
Legend 
Les Misérables 
Les visiteurs 
Let's Go to Prison 
Let's Kill Ward's Wife 
Lethal Weapon 3 
Lethal Weapon 4 
Letters from Iwo Jima 
Letters to God 
Letters to Juliet 
Licence to Kill 
License to Wed 
Lies in Plain Sight 
Life During Wartime 
Life as a House 
Life of Pi 
Life or Something Like It 
Lifeforce 
Life  
Light It Up 
Light Sleeper 
Light from the Darkroom 
Like Crazy 
Like Mike 
Lilo & Stitch 
Lilya 4-Ever 
Lilyhammer  
Lincoln 
Lion of the Desert 
Lions for Lambs 
Lisa Picard Is Famous 
Listening 
Little Black Book 
Little Children 
Little Fockers 
Little Nicholas 
Little Nicky 
Little Shop of Horrors 
Little White Lies 
Little Women 
Littleman 
Live Free or Die Hard 
Live and Let Die 
Live-In Maid 
Living Dark: The Story of Ted the Caver 
Living Out Loud 
Loaded Weapon 1 
"Lock, Stock and Two Smoking Barrels "
#Horror 
Amigo 
Batman: The Movie 
Buffalo '66 
Checkmate 
Closer to the Moon 
Def-Con 4 
Eddie: The Sleepwalking Cannibal 
Fetching Cody 
Forty Shades of Blue 
Girl House 
Growing Up Smith 
Hatchet 
House at the End of the Drive 
Housebound 
I Want Someone to Eat Cheese With 
Incident at Loch Ness 
Insidious 
Jack Reacher 
Journey from the Fall 
Killing Zoe 
Locker 13 
Logan's Run 
London Has Fallen 
London to Brighton 
Lone Star 
Lone Survivor 
Lone Wolf McQuade 
Lonesome Jim 
Looney Tunes: Back in Action 
Looper 
Loose Cannons 
Lord of War 
Lords of Dogtown 
Lords of London 
Losin' It 
Lost in Space 
Lost in Translation 
Love & Basketball 
Love & Other Drugs 
Love Happens 
Love Letters 
Love Me Tender 
Love Ranch 
Love Stinks 
Love and Death on Long Island 
Love and Other Catastrophes 
Love in the Time of Cholera 
Love in the Time of Monsters 
Love the Coopers 
Love's Abiding Joy 
Lovely & Amazing 
"Lovely, Still "
Decoys 
Desert Blue 
Fascination 
Lovesick  
Loving Annabelle 
Lucky Numbers 
Lucy 
Luminarias 
Luther  
M*A*S*H  
Machine Gun McCain 
Machine Gun Preacher 
Mad City 
Mad Hot Ballroom 
Mad Max Beyond Thunderdome 
Mad Max 
Mad Money 
Madadayo 
Madagascar 
Made of Honor 
Madea's Family Reunion 
Madea's Witness Protection 
Made 
Madison 
Maggie 
Magic Mike XXL 
Magic Mike 
Magnolia 
Major Dundee 
Major League 
Malcolm X 
Malevolence 
Malibu's Most Wanted 
Mama 
Man of the House 
Man of the Year 
Man on Fire 
Man on Wire 
Man on a Ledge 
Mandela: Long Walk to Freedom 
Maniac 
Manito 
March of the Penguins 
March or Die 
Margaret 
Margin Call 
Maria Full of Grace 
Marie Antoinette 
Marilyn Hotchkiss' Ballroom Dancing and Charm School 
Marley & Me 
Marmaduke 
Married Life 
Mars Attacks! 
Martha Marcy May Marlene 
Martin Lawrence Live: Runteldat 
Marvin's Room 
Master and Commander: The Far Side of the World 
Match Point 
Maurice 
Max Keeble's Big Move 
Max Payne 
Maximum Risk 
Max 
May 
"McFarland, USA "
40 Days and 40 Nights 
55 Days at Peking 
9½ Weeks 
A Night at the Roxbury 
A Simple Plan 
ATL 
Aliens 
American Dreamz 
And So It Goes 
Anything Else 
Beastly 
Beerfest 
Being Julia 
Black Nativity 
Brooklyn's Finest 
Carlos  
City of Ghosts 
Day of the Dead 
Dickie Roberts: Former Child Star 
Dragonslayer 
Ed Wood 
Evil Dead 
Forsaken 
Good Boy! 
Halloween 
Hamlet 
Hero 
Hitman 
Hoodwinked! 
Hotel Rwanda 
How She Move 
I Am Wrath 
I Come with the Rain 
I Know What You Did Last Summer 
Labor Day 
Larry the Cable Guy: Health Inspector 
Let's Be Cops 
Lottery Ticket 
Madea Goes to Jail 
Mao's Last Dancer 
McHale's Navy  
Me Before You 
Me You and Five Bucks 
Me and Orson Welles 
"Me, Myself & Irene "
22 Jump Street 
Anchorman 2: The Legend Continues 
As Good as It Gets 
Barnyard 
Beloved 
Black Mass 
Bulletproof Monk 
Casino 
Catch Me If You Can 
Central Intelligence 
Daddy's Home 
Deck the Halls 
Erin Brockovich 
Flags of Our Fathers 
From Paris with Love 
Grindhouse 
How to Lose a Guy in 10 Days 
Interview with the Vampire: The Vampire Chronicles 
Jerry Maguire 
Law Abiding Citizen 
Lucky You 
Mamma Mia! 
Man on the Moon 
Mean Creek 
Mean Girls 
Mean Machine 
Mean Streets 
Medicine Man 
Meet Joe Black 
Meet the Browns  
Meet the Deedles 
Meet the Fockers 
Meet the Spartans 
Megaforce 
Megamind 
Megiddo: The Omega Code 2 
Melancholia 
Memento 
Memoirs of a Geisha 
Memoirs of an Invisible Man 
Men in Black 
Men of Honor 
Menace II Society 
Mercury Rising 
Mercury Rising 
Mercy Streets 
Message in a Bottle 
Metallica Through the Never 
Meteor 
Metropolis 
Metropolitan 
Mi America 
Miami Vice  
Michael Clayton 
Michael Collins 
Michael Jordan to the Max 
Mickey Blue Eyes 
Micmacs 
Middle of Nowhere 
Midnight Cabaret 
Midnight Cowboy 
Midnight Run 
Midnight Special 
Midnight in Paris 
Midnight in the Garden of Good and Evil 
Mighty Joe Young 
Million Dollar Arm 
Million Dollar Baby 
Minions 
Minority Report 
Miracle at St. Anna 
Miracles from Heaven 
Miracle 
Mirror Mirror 
Mirrormask 
Mirrors 
Misconduct 
Miss Congeniality 2: Armed and Fabulous 
Miss Potter 
Mission to Mars 
Mission: Impossible II 
Mission: Impossible 
Mississippi Mermaid 
Mo' Better Blues 
Moby Dick 
Modern Times 
Molière 
Molly 
Mommie Dearest 
Moms' Night Out 
Mona Lisa Smile 
Mondays in the Sun 
Money Talks 
Money Train 
Moneyball 
Mongol: The Rise of Genghis Khan 
Monkeybone 
Monster House 
Monster's Ball 
"Monsters, Inc. "
Asterix at the Olympic Games 
Dante's Peak 
Fantastic Four 
Gravity 
Monsters 
Monster 
Monty Python and the Holy Grail 
Moonlight Mile 
Moonraker 
Moonrise Kingdom 
Moon 
Mooz-Lum 
Morning Glory 
Mortal Kombat: Annihilation 
Mortal Kombat 
Mother and Child 
Motherhood 
Mozart's Sister 
Mr 3000 
Mr. & Mrs. Smith 
Mr. Bean's Holiday 
Mr. Deeds 
Mr. Holland's Opus 
Mr. Smith Goes to Washington 
Mr. Turner 
Mrs. Doubtfire 
Mrs. Winterbourne 
Mud 
Mulan 
Mulholland Drive 
Multiplicity 
Mumford 
Munich 
Muppets from Space 
Murder by Numbers 
Murderball 
Music and Lyrics 
Must Love Dogs 
Mutant World 
Mutual Appreciation 
Mutual Friends 
My Baby's Daddy 
My Beautiful Laundrette 
My Big Fat Greek Wedding 2 
My Big Fat Greek Wedding 
My Big Fat Independent Movie 
My Cousin Vinny 
My Date with Drew 
My Dog Skip 
My Dog Tulip 
My Fair Lady 
My Favorite Martian 
My Fellow Americans 
My Girl 
My Last Day Without You 
My Life Without Me 
My Life in Ruins 
My Name Is Bruce 
My Own Private Idaho 
My Soul to Take 
My Soul to Take 
My Stepmother Is an Alien 
My Summer of Love 
My Super Ex-Girlfriend 
Mystery Men 
"Mystery, Alaska "
A Simple Wish 
Ghosts of Mars 
Just My Luck 
Kundun 
Lost Souls 
Mystic River 
N-Secure 
Nacho Libre 
Naked Gun 33 1/3: The Final Insult 
Nanny McPhee Returns 
Nanny McPhee 
Napoleon Dynamite 
National Lampoon's Vacation 
National Treasure 
Naturally Native 
Navy Seals vs. Zombies 
Nebraska 
Need for Speed 
Neighbors 2: Sorority Rising 
Neighbors 
Network 
Never Again 
Never Back Down 2: The Beatdown 
Never Back Down 
Never Let Me Go 
Never Say Never Again 
New Year's Eve 
New York Minute 
New York Stories 
"New York, New York "
A Perfect Getaway 
All About the Benjamins 
An American Haunting 
Born on the Fourth of July 
Broken Horses 
Cool Runnings 
Crocodile Dundee II 
Crooklyn 
Dangerous Liaisons 
Dead Man on Campus 
Exorcist II: The Heretic 
Fatal Attraction 
First Blood 
Freedom 
Ghost Hunters  
Good Deeds 
Jonah: A VeggieTales Movie 
Manderlay 
My Bloody Valentine 
My Boss's Daughter 
Newlyweds 
Next Day Air 
Next Friday 
Next Stop Wonderland 
Nick and Norah's Infinite Playlist 
Night Watch 
Night at the Museum: Secret of the Tomb 
Night at the Museum 
Night of the Living Dead 
Night of the Living Dead 
Nighthawks 
Nikita  
Nim's Island 
Nine Queens 
Nine 
Ninja Assassin 
Nixon 
No Country for Old Men 
No Escape 
No Good Deed 
No Reservations 
No Strings Attached 
No Vacancy 
Noah 
Nomad: The Warrior 
Non-Stop 
North Country 
Northfork 
Not Another Teen Movie 
Not Cool 
Not Easily Broken 
Nothing But a Man 
Nothing to Lose 
Nothing 
Notting Hill 
November 
Now Is Good 
Now You See Me 2 
Now You See Me 
Nowhere Boy 
Nowhere to Run 
Nurse Betty 
Nutty Professor II: The Klumps 
"O Brother, Where Art Thou? "
A Bridge Too Far 
A Walk Among the Tombstones 
Anonymous 
Case 39 
Dark City 
Ever After: A Cinderella Story 
Final Destination 2 
Flatliners 
Flawless 
Formula 51 
Freaky Friday 
In Good Company 
It's Always Sunny in Philadelphia  
Kindergarten Cop 
Lake Placid 
Legion 
Lucky Number Slevin 
Martian Child 
Mindhunters 
Money Monster 
Obitaemyy ostrov 
Oblivion 
Observe and Report 
Obvious Child 
Ocean's Eleven 
Ocean's Thirteen 
Ocean's Twelve 
Oceans 
October Baby 
Oculus 
Of Gods and Men 
Old Dogs 
Old Joy 
Old School 
Oldboy 
Oliver Twist 
Oliver! 
Olympus Has Fallen 
On Deadly Ground 
On the Downlow 
On the Line 
On the Outs 
On the Road 
On the Waterfront 
Once Upon a Time in America 
Once Upon a Time in Mexico 
Once Upon a Time in Queens 
Once Upon a Time in the West 
Once in a Lifetime: The Extraordinary Story of the New York Cosmos 
Once 
Ondine 
One Day 
One Flew Over the Cuckoo's Nest 
One Hour Photo 
One Man's Hero 
One True Thing 
One for the Money 
One to Another 
Ong-bak 2 
Only God Forgives 
Open Range 
Open Road 
Open Season 
Open Water 
Ordet 
Orgazmo 
Original Sin 
Orphan 
Osama 
Osmosis Jones 
Our Brand Is Crisis 
Our Family Wedding 
Our Idiot Brother 
Our Kind of Traitor 
Out Cold 
Out of Africa 
Out of Inferno 
Out of Time 
Out of the Blue 
Out of the Blue 
Out of the Dark 
Out of the Furnace 
Outbreak 
Outside Providence 
Over Her Dead Body 
Over the Hedge 
Over the Hill to the Poorhouse 
Oz the Great and Powerful 
O 
O 
P.S. I Love You 
PCU 
Paa 
Pain & Gain 
Pale Rider 
Palo Alto 
Pan's Labyrinth 
Pandaemonium 
Pandora's Box 
Pandorum 
Pan 
Pan 
Paper Towns 
ParaNorman 
Paranormal Activity 2 
Paranormal Activity 4 
Paranormal Activity: The Marked Ones 
Paranormal Activity 
Parental Guidance 
"Paris, je t'aime "
21 & Over 
Admission 
Antwone Fisher 
Attack the Block 
Brothers 
Casino Jack 
Cat People 
Chloe 
Dancer in the Dark 
Excessive Force 
Faithful 
Find Me Guilty 
Glengarry Glen Ross 
I Love You Phillip Morris 
In the Land of Blood and Honey 
Infamous 
Lars and the Real Girl 
Machete 
Operation Chromite 
Oscar and Lucinda 
Parker 
Party Monster 
Pat Garrett & Billy the Kid 
Patch Adams 
Patton 
Paul Blart: Mall Cop 2 
Paul Blart: Mall Cop 
Paul 
Pay It Forward 
Payback 
Paycheck 
"Peace, Propaganda & the Promised Land "
Cheap Thrills 
Closure 
Echo Dr. 
Indie Game: The Movie 
Open Secret 
Peeples 
Peggy Sue Got Married 
Penguins of Madagascar 
Penitentiary 
Percy Jackson & the Olympians: The Lightning Thief 
Percy Jackson: Sea of Monsters 
Perfect Cowboy 
Perfume: The Story of a Murderer 
Pet Sematary 
Pete's Dragon 
Phantasm II 
Phat Girlz 
Phenomenon 
Philadelphia 
Philomena 
Phone Booth 
Pieces of April 
Pierrot le Fou 
Pineapple Express 
Pink Flamingos 
Pink Narcissus 
"Pink Ribbons, Inc. "
Airborne 
Below Zero 
Beyond the Black Rainbow 
Bleeding Hearts 
Blue Like Jazz 
Casablanca 
Certifiably Jonathan 
Cotton Comes to Harlem 
Crowsnest 
Dead Man's Shoes 
Down and Out with the Dolls 
Dracula: Pages from a Virgin's Diary 
Extreme Movie 
Faith Like Potatoes 
From a Whisper to a Scream 
Grand Theft Parsons 
Lake Mungo 
Pinocchio 
Piranha 3D 
Pirates of the Caribbean: The Curse of the Black Pearl 
Pitch Black 
Pitch Perfect 2 
Pitch Perfect 
Pixels 
Pi 
Planet 51 
Planet of the Apes 
Planet of the Apes 
Plastic 
Play It to the Bone 
Playing for Keeps 
Please Give 
Pocketful of Miracles 
Poetic Justice 
Point Blank 
Point Break 
Point Break 
Pokémon 3: The Movie 
Police Academy: Mission to Moscow 
Police Academy 
Poltergeist III 
Poltergeist 
Poltergeist 
Pompeii 
Pontypool 
Ponyo 
Poolhall Junkies 
Pootie Tang 
Porky's 
Post Grad 
Poultrygeist: Night of the Chicken Dead 
Practical Magic 
Precious 
Precious 
Predator 2 
Predators 
Predator 
Premium Rush 
Premonition 
Pretty Woman 
Pride & Prejudice 
Pride and Glory 
Pride and Prejudice and Zombies 
Primary Colors 
Primer 
Prison 
Private Benjamin 
Project Almanac 
Project X 
Prom Night 
Prometheus 
Promised Land 
Proof of Life 
Prophecy 
Proud 
Psycho Beach Party 
Psych  
Public Enemies 
Pulse 
Punch-Drunk Love 
Punisher: War Zone 
Purple Violets 
Pushing Tin 
Puss in Boots 
Quarantine 
Quartet 
Queen Crab 
Queen of the Damned 
Queen of the Mountains 
Quest for Fire 
Quills 
Quinceañera 
Q 
R.I.P.D. 
R.L. Stine's Monsterville: The Cabinet of Souls 
RED 2 
RED 
Rabbit Hole 
Rabbit-Proof Fence 
Race to Witch Mountain 
Race 
Rachel Getting Married 
Racing Stripes 
Radio Days 
Radio Flyer 
Radio 
Raging Bull 
Raiders of the Lost Ark 
Rain Man 
Raise Your Voice 
Raise the Titanic 
Raising Cain 
Raising Helen 
Raising Victor Vargas 
Rambo: First Blood Part II 
Ramona and Beezus 
Rampage 
Random Hearts 
Rango 
Ransom 
Ravenous 
Ray 
Re-Kill 
Ready to Rumble 
Real Steel 
Real Women Have Curves 
Recess: School's Out 
Red Cliff 
Red Dawn 
Red Dog 
Red Dragon 
Red Eye 
Red Lights 
Red Planet 
Red Riding Hood 
Red River 
Red Sky 
Red Sonja 
Red State 
Redacted 
Redbelt 
Redemption Road 
Reds 
Reign of Assassins 
Reign of Fire 
Reindeer Games 
Religulous 
"Remember Me, My Love "
200 Cigarettes 
A Home at the End of the World 
A Mighty Wind 
A Nightmare on Elm Street 5: The Dream Child 
Aberdeen 
Aimee & Jaguar 
Annabelle 
Around the World in 80 Days 
Bats 
Bernie 
Best in Show 
Boyz n the Hood 
Bran Nue Dae 
Butch Cassidy and the Sundance Kid 
Caddyshack 
Casa de mi Padre 
City Island 
College 
Control 
Criminal Activities 
Daddy Day Camp 
Dolphins and Whales 3D: Tribes of the Ocean 
Dressed to Kill 
Duel in the Sun 
Elite Squad 
Escape from New York 
Fahrenheit 9/11 
Friends with Money 
Gomorrah  
Good Bye Lenin! 
Go 
Grease 
Halloween 5 
House at the End of the Street 
Incendies 
La Bamba 
Layer Cake 
Little Voice 
Mallrats 
Mary Poppins 
Miss March 
Mr. Nice Guy 
Mystic Pizza 
Nowhere in Africa 
Ordinary People 
Perrier's Bounty 
Platoon 
Pollock 
Remember Me 
Remember the Titans 
Renaissance Man 
Renaissance 
Rent 
Repo Man 
Repo Men 
Requiem for a Dream 
Rescue Dawn 
Resident Evil: Apocalypse 
Resident Evil: Extinction 
Resident Evil: Retribution 
Resident Evil 
Restoration 
Resurrecting the Champ 
Return to Me 
Return to Never Land 
Return to Oz 
Return to the Blue Lagoon 
Revolutionary Road 
Revolution  
Richard III 
Riddick 
Ride Along 2 
Ride Along 
Ride with the Devil 
Riding Giants 
Righteous Kill 
Rio 2 
Rio 
Ripley's Game 
Rise of the Entrepreneur: The Search for a Better Way 
Rise of the Planet of the Apes 
River's Edge 
Rize 
Ri¢hie Ri¢h 
Road Hard 
Road House 
Road Trip 
Road to Perdition 
Roadside 
Roar 
Rob Roy 
Robin Hood: Prince of Thieves 
Robin and Marian 
RoboCop 3 
RoboCop 
RoboCop 
Robot & Frank 
Robot Chicken  
Robots 
Rock Star 
Rock of Ages 
Rocket Singh: Salesman of the Year 
RocknRolla 
Rocky Balboa 
Rocky 
Rodeo Girl 
Roger & Me 
Rogue  
Role Models 
Roll Bounce 
Rollerball 
Romance & Cigarettes 
Romantic Schemer 
Romeo + Juliet 
Romeo Must Die 
Room 
Rosemary's Baby 
Rotor DR1 
Rounders 
Royal Kill 
Rubber 
Ruby in Paradise 
Rudderless 
Rugrats Go Wild 
Rugrats in Paris: The Movie 
Rules of Engagement  
Run All Night 
Run Lola Run 
"Run, Fatboy, Run "
Bad Words 
Black or White 
Deuces Wild 
Heartbeeps 
"Run, Hide, Die "
A True Story 
Absentia 
Bending Steel 
Counting 
Dawn of the Crescent Moon 
Gabriela 
George Washington 
Hayride 
Raymond Did It 
Runaway Bride 
Runner Runner 
Running Forever 
Running Scared 
Running with Scissors 
Rush Hour 2 
Rush Hour  
Rushmore 
Rush 
Rust 
S.W.A.T. 
Sabotage 
Sabotage 
"Sabrina, the Teenage Witch  
After the Sunset 
Almost Famous 
Alvin and the Chipmunks 
American Sniper 
American Wedding 
Anger Management  
Beyond Borders 
Bowfinger 
Captain Corelli's Mandolin 
Captain Phillips 
Casper 
City of Angels 
Crimson Tide 
Dark Water 
Date Night 
Deadpool 
Death Becomes Her 
Did You Hear About the Morgans? 
Disclosure 
DragonHeart 
Dragonfly 
Edtv 
Event Horizon 
Executive Decision 
Flightplan 
Flyboys 
Forrest Gump 
Free Birds 
Garfield 2 
George of the Jungle 
Ghost Rider: Spirit of Vengeance 
Goosebumps 
Hitch 
Holy Man 
In the Name of the King: A Dungeon Siege Tale 
Inkheart 
Just Like Heaven 
Kill Bill: Vol. 1 
Kill Bill: Vol. 2 
Leatherheads 
Maid in Manhattan 
Meet Dave 
Meet the Parents 
Mortdecai 
Mr. Popper's Penguins 
Pocahontas 
Priest 
Rambo III 
Red Tails 
Resident Evil: Afterlife 
Safe Haven 
Safe House 
Safe Men 
Safety Not Guaranteed 
Safe 
Sahara 
Saints and Soldiers 
Salt 
Salvador 
Samsara 
San Andreas 
Sanctuary; Quite a Conundrum 
Sanctum 
Sands of Iwo Jima 
Sarah's Key 
Sardaar Ji 
Sausage Party 
Savage Grace 
Savages 
Save the Last Dance 
Saved! 
Saving Face 
Saving Grace  
Saving Grace  
Saving Mr. Banks 
Saving Private Perez 
Saving Private Ryan 
Saving Silverman 
Saw 3D: The Final Chapter 
Saw III 
Saw IV 
Saw VI 
Saw V 
Say It Isn't So 
Scarface 
Scary Movie 4 
Schindler's List 
School Daze 
School of Rock 
Scooby-Doo 2: Monsters Unleashed 
Scooby-Doo 
Scoop 
Scott Pilgrim vs. the World 
Scott Walker: 30 Century Man 
Scream 2 
Scream 3 
Scream 4 
Scream: The TV Series  
Screwed 
Scrooged 
Se7en 
Sea Rex 3D: Journey to a Prehistoric World 
Seabiscuit 
Secondhand Lions 
Secret Window 
Secretariat 
Secretary 
Secrets and Lies  
See Spot Run 
Seed of Chucky 
Seeking a Friend for the End of the World 
Selena 
Self/less 
Selma 
Sense and Sensibility 
September Dawn 
Serendipity 
Serenity 
Serial Mom 
Serving Sara 
Session 9 
Set It Off 
Seven Psychopaths 
Seven Samurai 
Seven Years in Tibet 
Seventh Son 
Sex Drive 
Sex Tape 
Sex and the City 2 
Sex and the City  
Sex with Strangers 
"Sex, Lies, and Videotape "
C.H.U.D. 
Da Sweet Blood of Jesus 
Filly Brown 
Forget Me Not 
Friday the 13th Part 2 
How Green Was My Valley 
Neal 'N' Nikki 
Niagara 
Rebecca 
Saw 
Sexy Beast 
Sgt. Bilko 
Shade 
Shadow Conspiracy 
Shadowlands 
Shakespeare in Love 
Shalako 
Shall We Dance 
Shallow Hal 
Shame 
Shanghai Calling 
Shanghai Knights 
Shanghai Noon 
Shanghai Surprise 
Shark Lake 
Shark Night 3D 
Shark Tale 
Sharknado 
Sharkskin 
Shaun of the Dead 
Shaun the Sheep  
She Done Him Wrong 
She Wore a Yellow Ribbon 
She's All That 
She's Gotta Have It 
She's the Man 
She's the One 
Sheena 
Sherlock Holmes: A Game of Shadows 
Sherlock Holmes 
Shine a Light 
Shinjuku Incident 
Sholem Aleichem: Laughing in the Darkness 
Shooter 
Shooting Fish 
Shooting the Warwicks 
Short Cut to Nirvana: Kumbh Mela 
Shotgun Stories 
Should've Been Romeo 
Show Boat 
Show Me 
Showgirls 
Shrek 2 
Shrek 
Shutter Island 
Sicario 
Sicko 
Side Effects 
Side Effects 
Sideways 
Signed Sealed Delivered 
Signs 
Silent Hill 
Silent Movie 
Silent Running 
Silent Trigger 
Silver Linings Playbook 
Silver Medallist 
Silverado 
Simply Irresistible 
Sin City: A Dame to Kill For 
Sin City 
Sinbad: Legend of the Seven Seas 
Singin' in the Rain 
Sinister 2 
Sinister 
Sisters in Law 
Six Days Seven Nights 
Sky Captain and the World of Tomorrow 
Sky High 
Skyfall 
Skyline 
Slacker Uprising 
Slackers 
Slacker 
Slam 
Sleep Dealer 
Sleep Tight 
Sleepers 
Sleeper 
Sleepy Hollow  
Sliding Doors 
Sling Blade 
Slither 
Slow Burn 
Slow West 
Slumdog Millionaire 
Slums of Beverly Hills 
Small Soldiers 
Small Time Crooks 
Smiling Fish & Goat on Fire 
Smilla's Sense of Snow 
Smokin' Aces 
Snake Eyes 
Snakes on a Plane 
Snakes on a Plane 
Snatch 
Snatch 
Snitch 
Snitch 
Snow Angels 
Snow Day 
Snow Dogs 
Snow Falling on Cedars 
Snow Queen 
Snow White and the Seven Dwarfs 
Snow White: A Deadly Summer 
Snow White: A Tale of Terror 
Snowpiercer 
Soldier 
Solitary Man 
Solitude 
Solomon and Sheba 
Some Guy Who Kills People 
Some Like It Hot 
Someone Like You... 
Something Borrowed 
Something Wicked 
Something's Gotta Give 
Somewhere 
Son of God 
Son of the Mask 
Songcatcher 
Sonny with a Chance  
Sorcerer 
Sorority Boys 
Sorority Row 
Soul Kitchen 
Soul Men 
Soul Plane 
Soul Surfer 
Soul Survivors 
Sound of My Voice 
Source Code 
South Park: Bigger Longer & Uncut 
Southland Tales 
Southpaw 
Space Battleship Yamato 
Space Chimps 
Space Cowboys 
Space Dogs 
Space Jam 
Space: Above and Beyond  
Spaceballs 
Spaced Invaders 
Spanglish 
Sparkler 
Sparkle 
Spartacus: War of the Damned  
Spawn 
Special 
Species 
Speed 2: Cruise Control 
Speed Racer 
Speedway Junky 
Speed 
Spellbound 
Sphere 
Spice World 
Spider-Man 
Spirit: Stallion of the Cimarron 
Spirited Away 
Splice 
Split Second 
Spotlight 
Spring Breakers 
Spun 
Spy Game 
Spy Hard 
Spy Kids 2: Island of Lost Dreams 
Spy Kids 3-D: Game Over 
Spy Kids: All the Time in the World in 4D 
Spy Kids 
St. Trinian's 
St. Vincent 
Stake Land 
Stan Helsing 
Standard Operating Procedure 
Star Trek II: The Wrath of Khan 
Star Trek III: The Search for Spock 
Star Trek IV: The Voyage Home 
Star Trek V: The Final Frontier 
Star Trek: Generations 
Star Trek: Insurrection 
Star Trek: Nemesis 
Star Trek: The Motion Picture 
Star Trek 
Star Wars: Episode I - The Phantom Menace 
Star Wars: Episode II - Attack of the Clones 
Star Wars: Episode III - Revenge of the Sith 
Star Wars: Episode IV - A New Hope 
Star Wars: Episode V - The Empire Strikes Back 
Star Wars: Episode VI - Return of the Jedi 
Stardust 
Stargate SG-1  
Stargate: The Ark of Truth 
Starship Troopers 
Starsky & Hutch 
Starsuckers 
State Fair 
State of Play 
Stealing Harvard 
Stealth 
Steel 
Step Brothers 
Step Up 2: The Streets 
Step Up 3D 
Step Up Revolution 
Step Up 
Stepmom 
Steppin: The Movie 
Steve Jobs 
Stigmata 
Still Alice 
Stir of Echoes 
Stoker 
Stolen Summer 
Stolen 
Stomp the Yard 
Stone Cold 
Stone 
Stop-Loss 
Stories of Our Lives 
Straight A's 
Straight Out of Brooklyn 
Straight Outta Compton 
Stranger Than Fiction 
Strangerland 
Straw Dogs 
Street Fighter 
Stripes 
Striptease 
Stuart Little 2 
Stuart Little 
Stung 
Subconscious 
Sublime 
Submarine 
Sucker Punch 
Sugar Hill 
Sugar Town 
Summer Catch 
Summer Storm 
Summer of Sam 
Sunday School Musical 
Sunshine Cleaning 
Sunshine 
Super 8 
Super Hybrid 
Super Mario Bros. 
Super Size Me 
Super Troopers 
Superbad 
Supercross 
Superhero Movie 
Superman III 
Superman IV: The Quest for Peace 
Superman 
Supernova 
Superstar 
Super 
Supporting Characters 
Sur le seuil 
Surf's Up 
"Surfer, Dude "
10 Cloverfield Lane 
11:14 
A Room for Romeo Brass 
A Shine of Rainbows 
Animals 
Beastmaster 2: Through the Portal of Time 
Bend It Like Beckham 
Chariots of Fire 
Come Early Morning 
Crossover 
Deadfall 
Diary of a Mad Black Woman 
Do the Right Thing 
Don Jon 
Don McKay 
Dum Maaro Dum 
Emma  
Freaky Deaky 
Galaxina 
Ghost World 
Goddess of Love 
Grabbers 
Harvard Man 
Headhunters 
Hedwig and the Angry Inch 
High Plains Drifter 
Insidious: Chapter 2 
Iris 
Irreversible 
Jackass: The Movie 
Julia 
Khiladi 786 
L'auberge espagnole 
Lake of Fire 
Le Havre 
Lights Out 
Lucky Break 
Mambo Italiano 
Men of War 
Miss Julie 
Morvern Callar 
Murder by Numbers 
Novocaine 
Only the Strong 
Ouija 
Paranormal Activity 3 
R100 
Rang De Basanti 
Saint Ralph 
Salvation Boulevard 
Saw II 
Shattered Glass 
Shine 
Snow Flower and the Secret Fan 
Somewhere in Time 
Song One 
Standing Ovation 
Stiff Upper Lips 
Sunshine State 
Surrogates 
Survival of the Dead 
Suspect Zero 
Sweet Home Alabama 
Sweet November 
Sweet Sweetback's Baadasssss Song 
Swimfan 
Swing Vote 
Swingers 
Switchback 
Swordfish 
Sydney White 
"Synecdoche, New York "
12 Rounds 
21 Grams 
3 Ninjas Kick Back 
A Cinderella Story 
A Dangerous Method 
A Guy Thing 
A Most Violent Year 
A Scanner Darkly 
A Very Harold & Kumar 3D Christmas 
All Good Things 
Alone in the Dark 
Alpha and Omega 
An American Carol 
Appaloosa 
Armored 
Bad Teacher 
Bandslam 
Battle of the Year 
Be Kind Rewind 
Birth 
Bon voyage 
Bullets Over Broadway 
Burnt 
By the Sea 
CJ7 
Can't Stop the Music 
Capitalism: A Love Story 
Chasing Mavericks 
Code Name: The Cleaner 
Connie and Carla 
Copycat 
Courage 
Crank: High Voltage 
Dances with Wolves 
Daybreakers 
Death Sentence 
Death at a Funeral 
Deconstructing Harry 
Disaster Movie 
Doogal 
Doubt 
Dwegons and Leprechauns 
Dylan Dog: Dead of Night 
Endless Love 
Envy 
Equilibrium 
Eternal Sunshine of the Spotless Mind 
Everybody's Fine 
Everyone Says I Love You 
Eye for an Eye 
Fired Up  
Flash of Genius 
From Dusk Till Dawn 
Georgia Rule 
Ghost Ship 
Ghost Town 
Hands of Stone 
High Fidelity 
Home for the Holidays 
I'm Not There. 
Inherent Vice 
Into the Wild 
Kung Fu Hustle 
Ladyhawke 
Les couloirs du temps: Les visiteurs II 
Let Me In 
Little Boy 
Lockout 
Loser 
Machete Kills 
Marci X 
Milk 
Monte Carlo 
Mrs Henderson Presents 
My Best Friend's Girl 
Nancy Drew 
Nerve 
One Missed Call 
One Night with the King 
Paint Your Wagon 
Paparazzi 
Passchendaele 
People I Know 
Perception  
Pooh's Heffalump Movie 
Princess Mononoke 
Psycho 
Quigley Down Under 
Ramanujan 
Rapa Nui 
Regression 
Reign Over Me 
Risen 
Scary Movie 5 
School for Scoundrels 
Scream 
Sea of Love 
Secret in Their Eyes 
Shattered 
She's Out of My League 
Shorts 
Silent Hill: Revelation 3D 
Simon Birch 
Stay Alive 
Steamboy 
Stick It 
Strange Wilderness 
Street Kings 
Superbabies: Baby Geniuses 2 
Survivor 
Sweet Charity 
Syriana 
TMNT 
TRON: Legacy 
Tadpole 
Tae Guk Gi: The Brotherhood of War 
Take Me Home Tonight 
Take Shelter 
Take the Lead 
Taken 
Takers 
Taking Woodstock 
Tales from the Crypt: Demon Knight 
Tales from the Hood 
Talk Radio 
Talladega Nights: The Ballad of Ricky Bobby 
Tammy 
Tango & Cash 
Tango 
Tank Girl 
Tanner Hall 
Tarnation 
Taxi Driver 
Taxi to the Dark Side 
Taxman 
Tea with Mussolini 
Teacher's Pet 
Team America: World Police 
Tears of the Sun 
Ted 2 
Ted 
Teen Wolf Too 
Teenage Mutant Ninja Turtles II: The Secret of the Ooze 
Teenage Mutant Ninja Turtles III 
Teenage Mutant Ninja Turtles: Out of the Shadows 
Teenage Mutant Ninja Turtles 
Teenage Mutant Ninja Turtles 
Teeth and Blood 
Terminator 2: Judgment Day 
Texas Chainsaw 3D 
Texas Rangers 
That Thing You Do! 
That's My Boy 
The 13th Warrior 
The 33 
The 40-Year-Old Virgin 
The 41-Year-Old Virgin Who Knocked Up Sarah Marshall and Felt Superbad About It 
The 5th Quarter 
The 5th Wave 
The 6th Day 
The A-Team  
The Abyss 
The Act of Killing 
The Addams Family 
The Adjustment Bureau 
The Adventurer: The Curse of the Midas Box 
The Adventures of Elmo in Grouchland 
The Adventures of Huck Finn 
The Adventures of Pinocchio 
The Adventures of Pluto Nash 
The Adventures of Rocky & Bullwinkle 
The Adventures of Sharkboy and Lavagirl 3-D 
The Adventures of Tintin 
The Age of Adaline 
The Age of Innocence 
The Alamo 
The Alamo 
The Algerian 
The Amazing Catfish 
The American President 
The American 
The Amityville Horror 
The Andromeda Strain 
The Angry Birds Movie 
The Animal 
The Ant Bully 
The Apartment 
The Apostle 
The Apparition 
The Art of Getting By 
The Art of War 
The Artist 
The Assassination of Jesse James by the Coward Robert Ford 
The Assassin 
The Astronaut Farmer 
The Astronaut's Wife 
The Astronaut's Wife 
The Avengers 
The Aviator 
The Awakening 
The BFG 
The Baader Meinhof Complex 
The Bachelor  
The Back-up Plan 
The Bad News Bears 
The Ballad of Cable Hogue 
The Ballad of Gregorio Cortez 
The Ballad of Jack and Rose 
The Banger Sisters 
The Bank Job 
The Barbarian Invasions 
The Barbarians 
The Basket 
The Battle of Shaker Heights 
The Beach 
"The Beast from 20,000 Fathoms "
Along the Roadside 
Bronson 
Burn 
Little Big Top 
The Beastmaster 
The Beaver 
The Believer 
The Benchwarmers 
The Best Exotic Marigold Hotel 
The Best Little Whorehouse in Texas 
The Best Man Holiday 
The Best Man 
The Best Offer 
The Best Years of Our Lives 
The Best of Me 
The Betrayed 
The Beyond 
The Big Hit 
The Big Lebowski 
The Big Parade 
The Big Short 
The Big Swap 
The Big Tease 
The Big Wedding 
The Big Year 
The Birth of a Nation 
The Black Dahlia 
The Black Hole 
The Black Stallion 
The Blair Witch Project 
The Blind Side 
The Blood of My Brother 
The Blue Butterfly 
The Blue Lagoon 
The Blue Room 
The Bodyguard 
The Bold and the Beautiful  
The Book Thief 
The Book of Eli 
The Book of Life 
"The Book of Mormon Movie, Volume 1: The Journey "
Alexander's Ragtime Band 
American Splendor 
Amores Perros 
Before Sunset 
Boom Town 
Boys Don't Cry 
Captive 
Courageous 
Dinner Rush 
Full Frontal 
Gentleman's Agreement 
Get Real  
Ghost Dog: The Way of the Samurai 
Hamlet 
Harsh Times 
In the Shadow of the Moon 
Inside Deep Throat 
Inside Job 
Lolita 
Mad Max 2: The Road Warrior 
Me and You and Everyone We Know 
Meek's Cutoff 
No End in Sight 
Shortbus 
Silent House 
Smoke Signals 
Strangers with Candy  
The Boondock Saints 
The Border  
The Borrowers 
The Boss 
The Bounty Hunter 
The Bounty 
The Bourne Identity 
The Bourne Legacy 
The Bourne Supremacy 
The Bourne Ultimatum 
The Boxtrolls 
The Box 
The Boy Next Door 
The Boy in the Striped Pajamas 
The Boys from Brazil 
The Boy 
The Brain That Sings 
The Brain That Wouldn't Die 
The Brass Teapot 
The Brave Little Toaster 
The Break-Up 
The Bridge of San Luis Rey 
The Bridge on the River Kwai 
The Bridges of Madison County 
The Broadway Melody 
The Broken Hearts Club: A Romantic Comedy 
The Brothers Bloom 
The Brothers Grimm 
The Brothers McMullen 
The Brothers 
The Bubble 
The Business of Fancydancing 
The Business of Strangers 
The Butterfly Effect 
The Cabin in the Woods 
The Californians 
The Call of Cthulhu 
The Calling 
The Calling 
The Call 
The Campaign 
The Canyons 
The Case of the Grinning Cat 
The Cat in the Hat 
The Caveman's Valentine 
The Cave 
The Celebration 
The Cell 
The Change-Up 
The Charge of the Light Brigade 
The Children of Huang Shi 
The Chorus 
The Christmas Bunny 
The Christmas Candle 
"The Chronicles of Narnia: The Lion, the Witch and the Wardrobe "
2012 
47 Ronin 
A Christmas Carol 
Alexander 
Alice Through the Looking Glass 
Alice in Wonderland 
Angels & Demons 
Armageddon 
Avatar 
Avengers: Age of Ultron 
Batman Begins 
Batman v Superman: Dawn of Justice 
Battleship 
Bee Movie 
Beowulf 
Big Hero 6 
Bolt 
Brave 
Captain America: Civil War 
Captain America: The Winter Soldier 
Cars 2 
Charlie and the Chocolate Factory 
Dark Shadows 
Dawn of the Planet of the Apes 
Die Another Day 
Edge of Tomorrow 
Evan Almighty 
Flushed Away 
Frozen 
Furious 7 
G-Force 
G.I. Joe: The Rise of Cobra 
Ghostbusters 
Godzilla Resurgence 
Green Lantern 
Guardians of the Galaxy 
Hancock 
Harry Potter and the Goblet of Fire 
Harry Potter and the Half-Blood Prince 
Harry Potter and the Order of the Phoenix 
How to Train Your Dragon 
Hugo 
I Am Legend 
Inception 
Independence Day: Resurgence 
Indiana Jones and the Kingdom of the Crystal Skull 
Inside Out 
Interstellar 
Iron Man 2 
Iron Man 3 
Iron Man 
Jack the Giant Slayer 
John Carter 
Jupiter Ascending 
Jurassic World 
King Kong 
Kung Fu Panda 2 
Kung Fu Panda 3 
Mad Max: Fury Road 
Madagascar 3: Europe's Most Wanted 
Madagascar: Escape 2 Africa 
Maleficent 
Man of Steel 
Mars Needs Moms 
Men in Black 3 
Men in Black II 
Mission: Impossible - Ghost Protocol 
Mission: Impossible - Rogue Nation 
Mission: Impossible III 
Monsters University 
Monsters vs. Aliens 
Mr. Peabody & Sherman 
Night at the Museum: Battle of the Smithsonian 
Oz the Great and Powerful 
Pacific Rim 
Pan 
Pearl Harbor 
Pirates of the Caribbean: At World's End 
Pirates of the Caribbean: Dead Man's Chest 
Pirates of the Caribbean: On Stranger Tides 
Poseidon 
Prince of Persia: The Sands of Time 
Quantum of Solace 
Ratatouille 
Rise of the Guardians 
Robin Hood 
Rush Hour 3 
Shrek Forever After 
Shrek the Third 
Skyfall 
Snow White and the Huntsman 
Spectre 
Spider-Man 2 
Spider-Man 3 
Star Trek Beyond 
Star Trek Into Darkness 
Star Wars: Episode VII - The Force Awakens  
Suicide Squad 
Superman Returns 
TRON: Legacy 
Tangled 
Terminator 3: Rise of the Machines 
Terminator Genisys 
Terminator Salvation 
The Amazing Spider-Man 2 
The Amazing Spider-Man 
The Avengers 
The Chronicles of Narnia: Prince Caspian 
The Chronicles of Narnia: The Voyage of the Dawn Treader 
The Chronicles of Riddick 
The Chumscrubber 
The Circle 
The Claim 
The Claim 
The Clan of the Cave Bear 
The Class 
The Cold Light of Day 
The Collection 
The Color Purple 
The Color of Freedom 
The Color of Money 
The Company  
The Conformist 
The Conjuring 2 
The Conjuring 
The Conspirator 
The Constant Gardener 
The Contender 
The Conversation 
The Cookout 
The Cooler 
The Core 
The Corruptor 
The Cottage 
The Counselor 
The Count of Monte Cristo 
The Country Bears 
The Covenant 
The Craft 
The Crazies 
The Crew 
The Crocodile Hunter: Collision Course 
The Croods 
The Crow 
The Cry of the Owl 
The Crying Game 
The Cure 
The Curious Case of Benjamin Button 
The Curse of Downers Grove 
The Curse of the Jade Scorpion 
The Curse of the Were-Rabbit 
The Da Vinci Code 
The Damned United 
The Dangerous Lives of Altar Boys 
The Dark Hours 
The Dark Knight Rises 
The Dark Knight 
The Darkest Hour 
The Day After Tomorrow 
The Day the Earth Stood Still 
The Day the Earth Stood Still 
The Dead Girl 
The Dead Undead 
The Dead Zone 
The Dead Zone  
The Debt 
The Deep End of the Ocean 
The Deer Hunter 
The Departed 
The Deported 
The Descendants 
The Descent 
The Devil Inside 
The Devil Wears Prada 
The Devil's Advocate 
The Devil's Double 
The Devil's Own 
The Devil's Rejects 
The Diary of a Teenage Girl 
The Dictator 
The Dilemma 
The Dirties 
The Divide 
The Diving Bell and the Butterfly 
The Dog Lover 
The Doombolt Chase  
The Doors 
The Dress 
The Duchess 
The Dukes of Hazzard 
The East 
The Eclipse 
The Edge 
The Egyptian 
The Elephant Man 
The Emperor's Club 
The Emperor's New Groove 
The End of the Affair 
The English Patient 
The Equalizer 
The Evil Dead 
The Exorcism of Emily Rose 
The Exorcist 
The Expendables 2 
The Expendables 3 
The Expendables 
The Exploding Girl 
The Express 
The Extra Man 
The Eye 
The FP 
The Face of an Angel 
The Faculty 
The Fall of the Roman Empire 
The Family Man 
The Family Stone 
The Family  
The Fast and the Furious: Tokyo Drift 
The Fast and the Furious 
The Fast and the Furious 
The Fast and the Furious 
The Fault in Our Stars 
The Fifth Element 
The Fifth Estate 
The Fighter 
The Final Destination 
The Finest Hours 
The Firm 
The First Wives Club 
The Fisher King 
The Five-Year Engagement 
The Flintstones in Viva Rock Vegas 
The Flower of Evil 
The Flowers of War 
The Fog 
The Fog 
The Following  
The Forbidden Kingdom 
The Forsaken 
The Fountain 
The Four Feathers 
The Four Seasons 
The Fourth Kind 
The French Connection 
The French Connection 
The Front Page 
The Frozen Ground 
The Frozen 
The Fugitive 
The Full Monty 
The Full Monty 
The Funeral 
The Gallows 
The Gambler 
The Gambler 
The Game Plan 
The Game of Their Lives 
The Game 
The Gatekeepers 
The General's Daughter 
The Geographer Drank His Globe Away 
The Ghastly Love of Johnny X 
The Ghost Writer 
The Gift 
The Girl Next Door 
The Girl with the Dragon Tattoo 
The Girlfriend Experience  
The Giver 
The Glass House 
The Glimmer Man 
The Godfather: Part II 
The Godfather 
The Golden Child 
The Golden Compass 
The Good Dinosaur 
The Good German 
The Good Guy 
The Good Heart 
The Good Night 
The Good Thief 
"The Good, the Bad and the Ugly "
But I'm a Cheerleader 
Home Run 
Lucky Number Slevin 
Monsoon Wedding 
Reservoir Dogs 
The Blue Bird 
"The Good, the Bad, the Weird "
Adam Resurrected 
Good Intentions 
Gunless 
It's a Wonderful Afterlife 
Jungle Shuffle 
Nurse 3D 
Of Horses and Men 
Partition 
The Devil's Tomb 
"The Goods: Live Hard, Sell Hard "
Big Eyes 
Body Double 
Dirty Pretty Things 
Drop Dead Gorgeous 
End of the Spear 
Get Over It 
Hey Arnold! The Movie 
Love Jones 
MacGruber 
Movie 43 
My Week with Marilyn 
Office Space 
One Direction: This Is Us 
Reno 911!: Miami 
Sleepover 
The Gift 
The Grace Card 
The Grand Budapest Hotel 
The Grandmaster 
The Grand  
The Great Beauty 
The Great Debaters 
The Great Escape 
The Great Gatsby 
The Great Gatsby 
The Great Raid 
The Great Train Robbery 
The Greatest Game Ever Played 
The Greatest Movie Ever Sold 
The Greatest Show on Earth 
The Greatest Story Ever Told 
The Greatest 
The Green Hornet 
The Green Inferno 
The Green Mile 
The Grey 
The Grudge 2 
The Grudge 
The Guard 
The Guilt Trip 
The Gunman 
The Guru 
The Hadza: Last of the First 
The Hammer 
The Hangover Part II 
The Hangover 
The Happening 
The Harvest/La Cosecha 
The Hateful Eight 
The Haunted Mansion 
The Haunting of Molly Hartley 
The Haunting 
The Heart of Me 
The Heat 
The Hebrew Hammer 
The Helix... Loaded 
The Help 
The Hills Have Eyes II 
The Hills Have Eyes 
The History Boys 
The Hit List 
The Hoax 
The Hobbit: An Unexpected Journey 
The Hobbit: The Battle of the Five Armies 
The Hobbit: The Desolation of Smaug 
The Holiday 
The Holy Girl 
The Homesman 
The Honeymooners  
The Horror Network Vol. 1 
The Horse Boy 
The Horse Whisperer 
The Horseman on the Roof 
The Host 
The Host 
The Hours 
The House Bunny 
The House of the Devil 
The Howling 
The Hudsucker Proxy 
The Hunchback of Notre Dame 
The Hundred-Foot Journey 
The Hunger Games: Catching Fire 
The Hunger Games: Mockingjay - Part 1 
The Hunger Games: Mockingjay - Part 2 
The Hunger Games 
The Hunt for Red October 
The Hunting Party 
The Huntsman: Winter's War 
The Hunt 
The Hurricane 
The Hurt Locker 
The Hustler 
The Ice Pirates 
The Ice Storm 
The Ides of March 
The Illusionist 
The Illusionist 
The Image Revolution 
The Imaginarium of Doctor Parnassus 
The Imitation Game 
The Immigrant 
The Importance of Being Earnest 
The Impossible 
The In Crowd 
The Inbetweeners  
The Incredible Burt Wonderstone 
The Incredible Hulk 
The Incredibles 
The Incredibly True Adventure of Two Girls in Love 
The Indian in the Cupboard 
The Informant! 
The Informers 
The Innkeepers 
The Insider 
The International 
The Internship 
The Intern 
The Interpreter 
The Interview 
The Invasion 
The Invention of Lying 
The Iron Giant 
The Iron Lady 
The Island of Dr. Moreau 
The Island 
The Island 
The Italian Job 
The Jackal 
The Jacket 
The Janky Promoters 
The Jerky Boys 
The Jimmy Show 
The Judge 
The Jungle Book 2 
The Jungle Book 
The Juror 
The Karate Kid 
The Kentucky Fried Movie 
The Kids Are All Right 
The Kid 
The Killer Inside Me 
The King of Najayo 
The King's Speech 
The Kingdom 
The Kite Runner 
The Knife of Don Juan 
The Ladies Man 
The Ladykillers 
The Lake House 
The Land Before Time 
The Last Airbender 
The Last Big Thing 
The Last Castle 
The Last Days on Mars 
The Last Dragon 
The Last Emperor 
The Last Exorcism Part II 
The Last Exorcism 
The Last Godfather 
The Last House on the Left 
The Last House on the Left 
The Last King of Scotland 
The Last Legion 
The Last Samurai 
The Last Shot 
The Last Sin Eater 
The Last Song 
The Last Stand 
The Last Station 
The Last Temptation of Christ 
The Last Time I Committed Suicide 
The Last Waltz 
The Last Witch Hunter 
The Last of the Mohicans 
The Lawnmower Man 
The Lazarus Effect 
The League of Extraordinary Gentlemen 
The Legend of Bagger Vance 
The Legend of Drunken Master 
The Legend of God's Gun 
The Legend of Hell's Gate: An American Conspiracy 
The Legend of Hercules 
The Legend of Tarzan 
The Legend of Tarzan 
The Legend of Zorro 
The Legend of the Lone Ranger 
The Lego Movie 
The Libertine 
The Life Aquatic with Steve Zissou 
The Life Before Her Eyes 
The Life of David Gale 
The Lincoln Lawyer 
The Lion King 
The Lion of Judah 
The Little Ponderosa Zoo 
The Little Prince 
The Little Vampire 
The Lives of Others 
The Living Daylights 
The Living Wake 
The Lizzie McGuire Movie 
The Lone Ranger 
The Long Kiss Goodnight 
The Long Riders 
The Longest Day 
The Longest Ride 
The Longest Yard 
The Longshots 
The Looking Glass 
The Lord of the Rings: The Fellowship of the Ring 
The Lord of the Rings: The Return of the King 
The Lord of the Rings: The Two Towers 
The Lords of Salem 
The Losers 
The Loss of Sexual Innocence 
The Lost City 
The Lost Skeleton of Cadavra 
The Lost Weekend 
The Lost World: Jurassic Park 
The Love Guru 
The Love Letter 
The Love Letter 
The Loved Ones 
The Lovely Bones 
The Lovely Bones 
The Lovers 
The Lovers 
The Lucky Ones 
The Lucky One 
The Lunchbox 
The Machinist 
The Magic Flute 
The Magic Sword: Quest for Camelot 
The Maid's Room 
The Majestic 
The Man Who Knew Too Little 
The Man Who Shot Liberty Valance 
The Man from Earth 
The Man from Snowy River 
The Man from U.N.C.L.E. 
The Man in the Iron Mask 
The Man with the Golden Gun 
The Man with the Iron Fists 
The Manchurian Candidate 
The Man 
The Marine 4: Moving Target 
The Marine 
The Martian 
The Mask of Zorro 
The Masked Saint 
The Mask 
The Master of Disguise 
The Master 
The Matador 
The Matrix Reloaded 
The Matrix Revolutions 
The Matrix 
The Maze Runner 
The Mechanic 
The Medallion 
The Men Who Stare at Goats 
The Merchant of Venice 
The Messenger: The Story of Joan of Arc 
The Messengers  
The Messenger 
The Mexican 
The Midnight Meat Train 
The Mighty Ducks 
The Mighty Macs 
The Mighty 
The Mirror Has Two Faces 
The Misfits 
The Missing  
The Mist 
The Molly Maguires 
The Mongol King 
The Monuments Men 
The Mortal Instruments: City of Bones 
The Motel 
The Mothman Prophecies 
The Mudge Boy 
The Mummy Returns 
The Mummy: Tomb of the Dragon Emperor 
The Muppet Christmas Carol 
The Muse 
The Musketeer 
The Naked Ape 
The Naked Gun 2½: The Smell of Fear 
The Names of Love 
The Nativity Story 
The Negotiator 
The Net 
The NeverEnding Story 
The New Guy 
The New World 
The Newton Boys 
The Next Best Thing 
The Next Three Days 
The Night Listener 
The Night Visitor 
The Ninth Gate 
The Notebook 
The November Man 
The Number 23 
The Nun's Story 
The Nut Job 
The Nutcracker in 3D 
The Nutcracker 
The Nutty Professor 
The O.C.  
The Object of My Affection 
The Odd Life of Timothy Green 
The Oh in Ohio 
The Omen 
The Omen 
The Oogieloves in the Big Balloon Adventure 
The Open Road 
The Opposite Sex 
The Order 
The Original Kings of Comedy 
The Orphanage 
The Other Boleyn Girl 
The Other Dream Team 
The Other End of the Line 
The Other Guys 
The Other Side of Heaven 
The Other Woman 
The Others 
The Out-of-Towners 
The Outrageous Sophie Tucker 
The Outsiders 
The Oxford Murders 
The Pacifier 
The Painted Veil 
The Party's Over 
The Passion of the Christ 
The Past is a Grotesque Animal 
The Patriot 
The Peacemaker 
The Peanuts Movie 
The Perez Family 
The Perfect Game 
The Perfect Host 
The Perfect Man 
The Perfect Match 
The Perfect Storm 
The Perfect Wave 
The Perks of Being a Wallflower 
The Pet 
The Phantom 
The Pianist 
The Piano 
The Pink Panther 
The Pirates Who Don't Do Anything: A VeggieTales Movie 
The Pirate 
The Place Beyond the Pines 
The Players Club 
The Pledge 
The Poker House 
The Polar Express 
The Possession 
The Possession 
The Postman Always Rings Twice 
The Postman 
The Powerpuff Girls  
The Prestige 
The Prince and Me 
The Prince of Egypt 
The Prince of Tides 
The Princess Bride 
The Princess Diaries 
The Princess and the Cobbler 
The Princess and the Frog 
The Prince 
The Prisoner of Zenda 
The Producers 
The Promise 
The Prophecy 
The Proposal 
The Proposition 
The Protector 
The Puffy Chair 
The Punisher 
The Purge: Anarchy 
The Purge: Election Year 
The Purge 
The Pursuit of D.B. Cooper 
The Pursuit of Happyness 
The Queen 
The Quick and the Dead 
The Quiet American 
The Quiet 
The R.M. 
The Rage: Carrie 2 
The Raid: Redemption 
The Railway Man 
The Rainmaker 
The Raven 
The Reader 
The Real Cancun 
The Reaping 
The Red Violin 
The Reef 
The Relic 
The Remains of the Day 
The Replacement Killers 
The Replacements 
The Return of the Living Dead 
The Return of the Living Dead 
The Return of the Pink Panther 
The Returned  
The Return 
The Revenant 
The Ridges 
The Ridiculous 6 
The Right Stuff 
The Ring Two 
The Rise of the Krays 
The Rite 
The River Wild 
The Road to El Dorado 
The Road 
The Robe 
The Rocker 
The Rock 
The Rookie 
The Roommate 
The Royal Tenenbaums 
The Rugrats Movie 
The Ruins 
The Rules of Attraction 
The Runaways 
The Rundown 
The Running Man 
The Saint 
The Salon 
The Salton Sea 
The Santa Clause 2 
The Santa Clause 
The Savages 
The Scarlet Letter 
The Scorch Trials 
The Score 
The Scorpion King 
The Sea Inside 
The Second Best Exotic Marigold Hotel 
The Second Mother 
The Secret Life of Bees 
The Secret Life of Pets 
The Secret Life of Walter Mitty 
The Secret in Their Eyes 
The Secret  
The Sentinel 
The Sessions 
The Shadow 
The Shaggy Dog 
The Shallows 
The Shawshank Redemption 
The Shining 
The Shipping News 
The Siege 
The Signal 
The Silence of the Lambs 
The Simpsons Movie 
The Singles Ward 
The Sisterhood of Night 
The Sisterhood of the Traveling Pants 
The Sitter 
The Sixth Sense 
The Skeleton Key 
The Skeleton Twins 
The Skulls 
The Slaughter Rule 
The Sleepwalker 
The Smurfs 2 
The Smurfs 
The Social Network 
The Soloist 
The Son of No One 
The Sorcerer's Apprentice 
The Sound and the Shadow 
The Spanish Prisoner 
The Specials 
The Spectacular Now 
The Spiderwick Chronicles 
The Spirit 
The SpongeBob Movie: Sponge Out of Water 
The SpongeBob SquarePants Movie 
The Spy Next Door 
The Spy Who Loved Me 
The Square 
The Squid and the Whale 
The Statement 
The Station Agent 
The Stepfather 
The Stepford Wives 
The Stewardesses 
The Sticky Fingers of Time 
The Sting 
The Story of Us 
The Straight Story 
The Streets of San Francisco  
The Sum of All Fears 
The Sweeney 
The Sweet Hereafter 
The Sweetest Thing 
The Switch 
The Tailor of Panama 
The Taking of Pelham 1 2 3 
The Tale of Despereaux 
The Talented Mr. Ripley 
The Tempest 
The Ten 
The Terminal 
The Terminator 
The Texas Chain Saw Massacre 
The Texas Chain Saw Massacre 
The Texas Chainsaw Massacre 2 
The Texas Chainsaw Massacre: The Beginning 
The Theory of Everything 
The Thin Red Line 
The Thing 
The Thirteenth Floor 
The Three Musketeers 
The Three Stooges 
The Tigger Movie 
The Timber 
The Time Machine 
The Time Traveler's Wife 
The To Do List 
The Torture Chamber of Dr. Sadism 
The Touch 
The Tourist 
The Tourist 
The Town 
The Toxic Avenger Part II 
The Toxic Avenger 
The Train 
The Transporter Refueled 
The Transporter 
The Tree of Life 
The Trials of Darryl Hunt 
The Triplets of Belleville 
The Trouble with Harry 
The True Story of Puss'N Boots 
The Truman Show 
The Tuxedo 
The Twilight Saga: Breaking Dawn - Part 2 
The Twilight Saga: Breaking Dawn - Part 2 
The Twilight Saga: Eclipse 
The Twilight Saga: New Moon 
The Ugly Truth 
The Ultimate Gift 
The Unborn 
The Unborn 
The Untouchables 
The Upside of Anger 
The Usual Suspects 
The Valley of Decision 
The Vatican Exorcisms 
The Vatican Tapes 
The Veil 
The Velocity of Gary 
The Verdict 
The Village 
The Virgin Suicides 
The Visit 
The Visual Bible: The Gospel of John 
The Vow 
The Wackness 
The Walking Deceased 
The Walk 
The Warlords 
The Warrior's Way 
The Wash 
The Watcher 
The Watch 
The Water Diviner 
The Waterboy 
The Way Way Back 
The Way of the Gun 
The Weather Man 
The Wedding Date 
The Wedding Planner 
The White Countess 
The White Ribbon 
The Whole Nine Yards 
The Whole Ten Yards 
The Wicked Within 
The Widow of Saint-Pierre 
The Wild Bunch 
The Wild Thornberrys Movie 
The Witch 
The Wizard of Oz 
The Wiz 
The Wolf of Wall Street 
The Wolfman 
The Wolverine 
The Woman Chaser 
The Woman in Black 
The Women 
The Wood 
The Words 
The Work and the Glory II: American Zion 
The Work and the Story 
The World Is Mine 
The World Is Not Enough 
The World's End 
The World's Fastest Indian 
The Wraith 
The Wrestler 
The X Files: I Want to Believe 
The X Files 
The Yards 
The Yellow Handkerchief 
The Young Messiah 
The Young Unknowns 
The Young Victoria 
The Young and Prodigious T.S. Spivet 
There Be Dragons 
There Goes My Baby 
There Will Be Blood 
There's Something About Mary 
Theresa Is a Mother 
They Came Together 
They Live 
They Will Have to Kill Us First 
They 
Things We Lost in the Fire 
Things to Do in Denver When You're Dead 
Think Like a Man Too 
Think Like a Man 
Thinner 
Thir13en Ghosts 
Thirteen Conversations About One Thing 
Thirteen Days 
Thirteen 
This Christmas 
This Is 40 
This Is England 
This Is It 
This Is Martin Bonner 
This Is Where I Leave You 
This Is the End 
This Means War 
Thomas and the Magic Railroad 
Thor: The Dark World 
Thor 
Thr3e 
Three Burials 
Three Kingdoms: Resurrection of the Dragon 
Three to Tango 
Thumbsucker 
Thunder and the House of Magic 
Thunderball 
Tidal Wave 
Tiger Orange 
Tim and Eric's Billion Dollar Movie 
Timber Falls 
Time Bandits 
Time Changer 
Time to Choose 
Timecop 
Timecrimes 
Timeline 
Tin Can Man 
Tinker Tailor Soldier Spy 
Tiny Furniture 
Titan A.E. 
Titanic 
"To Be Frank, Sinatra at 100 "
24 7: Twenty Four Seven 
Bananas 
Circle 
Clockwatchers 
Coffee Town 
Eden Lake 
Eureka  
Freeze Frame 
Gangster's Paradise: Jerusalema 
Grave Encounters 
Highway 
House of D 
Hum To Mohabbat Karega 
It's All Gone Pete Tong 
London 
Nine Dead 
No Man's Land: The Rise of Reeker 
Plush 
Return of the Living Dead III 
Roadside Romeo 
Rockaway 
Saint John of Las Vegas 
Sherrybaby 
Six-String Samurai 
Small Apartments 
Stealing Harvard 
Stitches 
Stonewall 
Subway 
Supercapitalist 
Teeth 
The Lady from Shanghai 
The Last Five Years 
The Lost Medallion: The Adventures of Billy Stone 
The Missing Person 
The Virginity Hit 
This Thing of Ours 
To Die For 
To Kill a Mockingbird 
To Rome with Love 
To Save a Life 
Tom Jones 
Tombstone 
Tomcats 
Tomorrow Never Dies 
Tomorrowland 
Tootsie 
Top Cat Begins 
Top Five 
Top Gun 
Top Hat 
Top Spin 
Topaz 
Topsy-Turvy 
Tora! Tora! Tora! 
Torn Curtain 
Torque 
Total Recall 
Total Recall 
Touching the Void 
Tower Heist 
Towering Inferno  
Town & Country 
Toy Story 2 
Toy Story 3 
Toy Story 
Tracker 
Trade of Innocents 
Trade 
Trading Places 
Trainspotting 
Trainwreck 
Train 
Trance 
Trance 
Transamerica 
Transcendence 
Transformers: Age of Extinction 
Transformers: Dark of the Moon 
Transformers: Revenge of the Fallen 
Transformers 
Transporter 2 
Transsiberian 
Trapeze 
Trapped  
Trash 
Travelers and Magicians 
Treachery 
Treading Water 
Treasure Planet 
Trees Lounge 
Trekkies 
Tremors 
Triangle 
Triple 9 
Trippin' 
Tristram Shandy: A Cock and Bull Story 
Trollhunter 
Troop Beverly Hills 
Tropic Thunder 
Trouble with the Curve 
Troy 
Trucker 
True Grit 
True Lies 
True Romance 
Trust the Man 
Trust 
Truth or Die 
Tsotsi 
Tuck Everlasting 
Tucker and Dale vs Evil 
Tumbleweeds 
Tupac: Resurrection 
Turbo 
Tusk 
Twilight Zone: The Movie 
Twilight 
Twilight 
Twin Falls Idaho 
Twins 
Twisted  
Twister 
Twixt 
Two Brothers 
Two Can Play That Game 
Two Girls and a Guy 
Two Lovers and a Bear 
Two Lovers 
Two Weeks Notice 
Tycoon 
U-571 
U2 3D 
UHF 
Ulee's Gold 
"Ultramarines: A Warhammer 40,000 Movie "
10th & Wolf 
28 Days Later... 
50/50 
8 Women 
A Thin Line Between Love and Hate 
Akeelah and the Bee 
Akira 
Albert Nobbs 
Alias Betty 
All Is Lost 
All or Nothing 
Aloft 
American Psycho 
An Education 
Anomalisa 
Another Year 
Awake 
Baggage Claim 
Barbarella 
Barbecue 
Begin Again 
Beneath Hill 60 
Black November 
Bon Cop Bad Cop 
Bright Star 
Brooklyn Rules 
Brown Sugar 
Clay Pigeons 
Club Dread 
Code 46 
Code of Honor 
Crash 
Crazy Heart 
Creepshow 
Crocodile Dundee 
Dear Wendy 
Diamonds Are Forever 
Down in the Valley 
Drive Me Crazy 
Driving Miss Daisy 
Easy A 
Election 
Enough Said 
Escape from Alcatraz 
Extract 
Far from Men 
Fido 
Flame and Citron 
Footloose 
Glee: The 3D Concert Movie 
Glitter 
Green Street 3: Never Back Down 
Half Baked 
Harry Brown 
Heist 
Held Up 
Hostel: Part II 
Howards End 
Imagine Me & You 
It's Kind of a Funny Story 
Juno 
Kicks 
Limbo 
Little Miss Sunshine 
Made in Dagenham 
Masked and Anonymous 
Men with Brooms 
Modern Problems 
Mr. Church 
Much Ado About Nothing 
My Lucky Star 
My Name Is Khan 
Namastey London 
Narc 
New Nightmare 
New in Town 
Nightcrawler 
On Her Majesty's Secret Service 
Opal Dream 
Outside Bet 
Pathology 
Persepolis 
Polisse 
Pound of Flesh 
Preacher  
Prefontaine 
Princess Kaiulani 
Prom 
Pulp Fiction 
Quo Vadis 
Red Riding: In the Year of Our Lord 1974 
Repo! The Genetic Opera 
Restless 
Rumble in the Bronx 
Shadow of the Vampire 
Shipwrecked 
Shopgirl 
Showdown in Little Tokyo 
Shutter 
Silmido 
Skin Trade 
Soul Food 
Spider-Man 3 
Splash 
Stand by Me 
Star Wars: The Clone Wars  
Swelter 
Swimming Pool 
Syriana 
Ta Ra Rum Pum 
Thank You for Smoking 
That Awkward Moment 
The Blood of Heroes 
The Boondock Saints II: All Saints Day 
The City of Your Final Destination 
The DUFF 
The Death and Life of Bobby Z 
The Girl on the Train 
The Good Girl 
The Haunting in Connecticut 2: Ghosts of Georgia 
The Hole 
The Hotel New Hampshire 
The I Inside 
The Inkwell 
The Karate Kid 
The Land Girls 
The Legend of Suriyothai 
The Lost Boys 
The Muppet Movie 
The Namesake 
The Neon Demon 
The Omega Code 
The Pallbearer 
The Player  
The Rocket: The Legend of Rocket Richard 
The Rose 
The Secret of Kells 
The Singing Detective 
The Sound of Music 
The Wailing 
The Wave 
The Wendell Baker Story 
The Wicked Lady 
The Wind That Shakes the Barley 
The Work and the Glory 
Two Evil Eyes 
Ultraviolet 
UnDivided 
Unaccompanied Minors 
Unbreakable 
Unbroken 
Unbroken 
Under Siege 2: Dark Territory 
Under the Rainbow 
Under the Same Moon 
Under the Skin 
Under the Tuscan Sun 
Underclassman 
Undercover Brother 
Underdogs 
Underworld: Awakening 
Underworld: Evolution 
Underworld: Rise of the Lycans 
Underworld 
Undiscovered 
Undisputed 
Une Femme Mariée 
Unfaithful 
Unfinished Business 
Unforgettable  
Unforgiven 
Unforgotten  
Unfriended 
United 93 
United Passions 
Universal Soldier: The Return 
Unknown 
Unknown 
Unleashed 
Unnatural 
Unstoppable 
Unsullied 
Untraceable 
Up Close & Personal 
Up in the Air 
Up 
Urban Legends: Final Cut 
Urban Legend 
Urbania 
V for Vendetta 
Vaalu 
Vacation 
Valentine's Day 
Valentine 
Valiant 
Valkyrie 
Valley of the Heart's Delight 
Valley of the Wolves: Iraq 
Vampire Killers 
Vampire in Brooklyn 
Vampires Suck 
Vampires 
Vamps 
Van Wilder: Party Liaison 
Vanilla Sky 
Vanity Fair 
Vantage Point 
Varsity Blues 
Veer-Zaara 
Velvet Goldmine 
Vera Drake 
Veronica Guerin 
Veronica Mars  
Veronika Decides to Die 
Vertical Limit 
Very Bad Things 
Vessel 
Vicky Cristina Barcelona 
Victor Frankenstein 
Victor Frankenstein 
Victor Frankenstein 
Videodrome 
Virgin Territory 
Virtuosity 
Viy 
Volcano 
Volver 
W. 
WALL·E 
Wag the Dog 
Wah-Wah 
Waiting for Guffman 
Waiting... 
Waitress 
Waking Ned Devine 
Wal-Mart: The High Cost of Low Price 
Walk Hard: The Dewey Cox Story 
Walk the Line 
Walking Tall 
Walking and Talking 
Walking with Dinosaurs 3D 
Wall Street: Money Never Sleeps 
Wall Street 
Walter 
Waltz with Bashir 
Wanderlust 
Wanted 
War & Peace  
War Horse 
War of the Worlds 
"War, Inc. "
A Better Life 
Atlas Shrugged II: The Strike 
Bamboozled 
Bucky Larson: Born to Be a Star 
Cecil B. DeMented 
Coriolanus 
Crash 
Dekalog  
Edmond 
Gun Shy 
High Heels and Low Lifes 
Illuminata 
Imaginary Heroes 
Killer Joe 
Krrish 
Malone 
My Blueberry Nights 
Nicholas Nickleby 
Owning Mahowny 
Peaceful Warrior 
Romeo Is Bleeding 
Rosewater 
Severance 
Shaolin Soccer 
Sphinx 
Spider 
Swept Away 
The Brothers Solomon 
The Brown Bunny 
The Chambermaid on the Titanic 
The Forest 
The House of Mirth 
The Iceman 
The Joneses 
The Limey 
The Swindle 
WarGames 
Warcraft 
Warlock: The Armageddon 
Warlock 
Warm Bodies 
Warriors of Virtue 
Warrior 
War 
Wasabi 
Watchmen 
Water & Power 
Water for Elephants 
Waterloo 
Waterworld 
Water 
Wayne's World 
We Are Marshall 
We Are Your Friends 
We Bought a Zoo 
We Have Your Husband 
We Need to Talk About Kevin 
We Own the Night 
We Were Soldiers 
We're No Angels 
We're the Millers 
Weekend 
"Welcome Home, Roscoe Jenkins "
A Passage to India 
About a Boy 
Brick Mansions 
Captain Alatriste: The Spanish Musketeer 
Divine Secrets of the Ya-Ya Sisterhood 
How to Lose Friends & Alienate People 
Joyful Noise 
Kick-Ass 2 
Kiss the Girls 
Knocked Up 
Limitless  
My Sister's Keeper 
Notes on a Scandal 
Octopussy 
Rendition 
Star Trek VI: The Undiscovered Country 
The Blues Brothers 
The Jungle Book 
The Sisterhood of the Traveling Pants 2 
Welcome to Collinwood 
Welcome to Mooseport 
Welcome to the Dollhouse 
Welcome to the Rileys 
Welcome to the Sticks 
Wendy and Lucy 
West Side Story 
Western Religion 
Whale Rider 
What Dreams May Come 
What Happens in Vegas 
What Just Happened 
What Lies Beneath 
What Women Want 
What a Girl Wants 
What the #$*! Do We (K)now!? 
What to Expect When You're Expecting 
What's Eating Gilbert Grape 
What's Love Got to Do with It 
What's Your Number? 
What's the Worst That Could Happen? 
Whatever It Takes 
Whatever Works 
When Did You Last See Your Father? 
When Harry Met Sally... 
When a Stranger Calls 
When the Cat's Away 
When the Game Stands Tall 
When the Lights Went Out 
Where the Heart Is 
Where the Truth Lies 
Where the Wild Things Are 
While We're Young 
Whip It 
Whiplash 
Whipped 
White Chicks 
White Fang 
White House Down 
White Noise 2: The Light 
White Noise 
White Oleander 
White Squall 
Whiteout 
Who Killed the Electric Car? 
Who's Your Caddy? 
Why Did I Get Married Too? 
Why Did I Get Married? 
Wicked Blood 
Wicker Park 
Wicker Park 
Wild Card 
Wild Grass 
Wild Hogs 
Wild Target 
Wild Things 
Wild Wild West 
Wild 
Willard 
Willy Wonka & the Chocolate Factory 
Wimbledon 
Win a Date with Tad Hamilton! 
Wind Walkers 
Windsor Drive 
Windtalkers 
Wing Commander 
Winged Migration 
Wings  
Winnie Mandela 
Winnie the Pooh 
Winter Passing 
Winter in Wartime 
Winter's Bone 
Winter's Tale 
Wish I Was Here 
Witchboard 
Without Limits 
Without Men 
Without a Paddle 
Witless Protection 
Witness 
Wolf Creek  
Wolf 
Wolves 
Woman Thou Art Loosed 
Woman in Gold 
Woman on Top 
Womb 
Won't Back Down 
Wonder Boys 
Wonderland 
Woodstock 
Woo 
Wordplay 
World Trade Center 
World War Z 
World's Greatest Dad 
Wrath of the Titans 
Wreck-It Ralph 
Wristcutters: A Love Story 
Wrong Turn 
Wuthering Heights  
Wyatt Earp 
X-Men 2 
X-Men Origins: Wolverine 
X-Men: Apocalypse 
X-Men: Days of Future Past 
X-Men: First Class 
X-Men: The Last Stand 
X-Men 
Xi you ji zhi: Sun Wukong san da Baigu Jing 
Y Tu Mamá También 
Year One 
Yeh Jawaani Hai Deewani 
Yentl 
Yes Man 
Yesterday Was a Lie 
Yes 
Yoga Hosers 
Yogi Bear 
You Again 
You Can Count on Me 
You Can't Take It with You 
You Don't Mess with the Zohan 
You Got Served: Beat the World 
You Got Served 
You Kill Me 
You Only Live Twice 
You Will Meet a Tall Dark Stranger 
You've Got Mail 
"You, Me and Dupree "
A Very Long Engagement 
Alien 3 
All the King's Men 
Anastasia 
Blade II 
Bullet to the Head 
Burlesque 
Chain Reaction 
Changeling 
Domestic Disturbance 
Elizabeth: The Golden Age 
Elizabethtown 
Evita 
Eye See You 
Gigli 
Gods and Generals 
Imagine That 
Instinct 
Lolita 
Moulin Rouge! 
Muppets Most Wanted 
Paddington 
Ronin 
Semi-Pro 
Seven Pounds 
Shaft 
Stuck on You 
Superman II 
The Fan 
The Ghost and the Darkness 
The Godfather: Part III 
The Hunted 
The Phantom of the Opera 
The Pirates! Band of Misfits 
The Watch 
Thunderbirds 
Turbulence 
Young Adult 
Young Frankenstein 
Young Guns 
Young Sherlock Holmes 
Your Highness 
Your Sister's Sister 
"Yours, Mine and Ours "
3:10 to Yuma 
A Bug's Life 
America's Sweethearts 
Anaconda 
Anna Karenina 
Beautiful Creatures 
Bedazzled 
Blade 
Changing Lanes 
Chappie 
Child 44 
Coach Carter 
Courage Under Fire 
Coyote Ugly 
Death to Smoochy 
Defiance  
Dick Tracy 
Domino 
Drive Angry 
Earth 
First Blood 
From Hell 
Galaxy Quest 
Gamer 
Happily N'Ever After 
Inchon 
Indiana Jones and the Last Crusade 
Insomnia 
Jade 
Jonah Hex 
Journey to the Center of the Earth 
K-PAX 
Kate & Leopold 
Kicking & Screaming 
Liar Liar 
Love Actually 
Mary Reilly 
Miss Congeniality 
Monster-in-Law 
My Best Friend's Wedding 
Out of Sight 
Outlander  
Panic Room 
Patriot Games 
Pirate Radio 
Prisoners 
Rat Race 
Riding in Cars with Boys 
Scary Movie 2 
Scary Movie 3 
Solaris 
Star Trek: First Contact 
Street Fighter: The Legend of Chun-Li 
Taken 2 
Taken 3 
The Adventures of Ford Fairlane 
The Big Bounce 
The Bone Collector 
The Bucket List 
The Cable Guy 
The Client 
The Cotton Club 
The Flintstones 
The Hitchhiker's Guide to the Galaxy 
The Infiltrator 
The Muppets 
The One 
The Pelican Brief 
The Princess Diaries 2: Royal Engagement 
The Specialist 
The Thomas Crown Affair 
The Tooth Fairy 
Three Kings 
Tin Cup 
Traffic 
Training Day 
What Planet Are You From? 
Youth in Revolt 
Yu-Gi-Oh! Duel Monsters  
Z Storm 
ZMD: Zombies of Mass Destruction 
Zack and Miri Make a Porno 
Zambezia 
Zathura: A Space Adventure 
Zero Dark Thirty 
Zero Effect 
Zipper 
Zodiac 
Zombie Hunter 
Zombieland 
Zookeeper 
Zoolander 2 
Zoolander 
Zoom 
Zulu 
[Rec] 2 
[Rec] 
eXistenZ 
xXx: State of the Union 
xXx 
Æon Flux 
